范围,题目,答案
针灸学,"题干描述：某男，50岁，腹泻2年。晨起即腹痛，泻后痛减，腹冷喜暖，精神疲乏，腰酸腿软，四肢发冷，舌淡，苔白，脉沉细。治疗除神阙、天枢、足三里、公孙外，应加用
选项A：阴陵泉、命门
选项B：阴陵泉、脾俞
选项C：脾俞、太白
选项D：肾俞、关元
选项E：下脘、关元",D
中医外科,"题干描述：寒痛的特点是
选项A：游走性，痛无定处
选项B：阵发性，攻痛无常
选项C：木痛，得热缓解
选项D：酸痛，得热缓解
选项E：持续性固定性胀痛",D
中医诊断学,"题干描述：伏脉的主病是
选项A：失血伤阴
选项B：亡血失精
选项C：惊恐疼痛
选项D：寒证痛证
选项E：邪闭痛极",E
中医儿科学,"题干描述：面目皮肤发黄，颜色逐渐加深，晦暗无华，右胁下痞块质硬，肚腹膨胀，青筋显露，唇色暗红，舌见瘀点，苔黄；证属
选项A：肠腑阻结证
选项B：寒湿内蕴证
选项C：脾运失职证
选项D：肝失疏泄证
选项E：气滞血瘀证",E
中医基础理论,"题干描述：最易伤肺的邪气是
选项A：风邪
选项B：寒邪
选项C：湿邪
选项D：燥邪
选项E：火邪",D
中医儿科学,"题干描述：患儿，2岁。发热2小时。证见发热，恶寒，无汗，鼻塞，流清涕，微咳，咽部不红，纳少，舌淡红，苔薄白，指纹浮红。其证候是
选项A：风寒感冒
选项B：风热感冒
选项C：暑邪感冒
选项D：时邪感冒
选项E：感冒夹滞",A
针灸学,"题干描述：三棱针点刺法常取的腧穴是
选项A：十宣、井穴
选项B：曲泽、委中
选项C：肺俞、胃俞
选项D：合谷、太冲
选项E：列缺、照海",A
中医儿科学,"题干描述：患儿，8岁。反复咳嗽喘促3年余。证见咳嗽时作，喘促乏力，咯痰不爽，潮红盗汗，手足心热，大便秘结，小便少，舌质红，少苔，脉细数。治疗首选方
选项A：桑菊饮
选项B：麦味地黄丸
选项C：养阴清肺汤
选项D：麻杏石甘汤
选项E：沙参麦冬汤",B
中医内科,"题干描述：热秘的特征为
选项A：大便干结，小便短赤
选项B：大便秘结，欲便不得
选项C：虽有便意，努挣乏力
选项D：大便艰涩，排出困难
选项E：大便不干，小便清长",A
中医内科,"题干描述：患者腹大胀满，按之如囊裹水，伴下肢浮肿，胸脘痞胀，精神困倦，怯寒懒动，尿少便溏，舌苔白腻，脉缓。其治法是
选项A：温中健脾，行气利水
选项B：温补脾肾，化气行水
选项C：健脾益气，化气行水
选项D：理气疏肝，化瘀利水
选项E：健脾渗湿，行气利水",A
针灸学,"题干描述：膀胱俞的定位是
选项A：第1骶椎棘突下，旁开1.5寸，约平第1骶后孔
选项B：第2骶椎棘突下，旁开1.5寸，约平第2骶后孔
选项C：第3骶椎棘突下，旁开1.5寸，约平第3骶后孔
选项D：第2骶椎棘突下，旁开3寸，约平第2骶后孔
选项E：第3骶椎棘突下，旁开3寸，约平第3骶后孔",B
针灸学,"题干描述：治疗郁证的主穴是
选项A：内关、水沟、丰隆、后溪、百会、印堂
选项B：内关、水沟、太冲、神门、百会、印堂
选项C：四神聪透百会、神庭透上星
选项D：照海、申脉、神门、印堂、百会
选项E：内关、郄门、神门、巨阙、印堂",B
中医内科,"题干描述：中经络风阳上扰证的治法是
选项A：养血祛风通络
选项B：平肝潜阳，活血通络
选项C：熄风清火，豁痰开窍
选项D：化痰熄风，宣郁开窍
选项E：回阳救阴，益气固脱",B
中医内科,"题干描述：“消渴”上消临床表现突出的症状是
选项A：消谷善饥
选项B：烦躁不安
选项C：身体消瘦
选项D：烦渴引饮
选项E：尿频量多",D
中药学,"题干描述：伤寒邪在少阳，寒热往来者，宜选用的药物是
选项A：柴胡
选项B：菊花
选项C：升麻
选项D：桑叶
选项E：葛根",A
方剂学,"题干描述：蒿芩清胆汤的功用是
选项A：疏肝解郁，益血健脾
选项B：补脾柔肝，祛湿止泻
选项C：清热泻火，利水通淋
选项D：清热利湿，逐瘀退黄
选项E：清胆利湿，和胃化痰",E
中医外科,"题干描述：患者，男，38岁。患急性子痈2天，恶寒发热，左侧睾丸肿大疼痛，疼痛引及子系（精索），舌红苔黄腻，脉滑数。证属湿热下注，气血壅滞，经络阻隔为患。治宜清热解毒，利湿消肿，应首选
选项A：透脓散
选项B：滋阴除湿汤
选项C：萆薜化毒汤
选项D：柴胡疏肝散
选项E：枸橘汤加减",E
方剂学,"题干描述：治疗伤食积滞的代表方剂是
选项A：保和丸
选项B：健脾丸
选项C：枳实消痞丸
选项D：枳实导滞丸
选项E：木香槟榔丸",A
中医儿科学,"题干描述：小儿肺炎喘嗽的主要治疗原则是
选项A：辛温宣肺，化痰止咳
选项B：辛凉宣肺，清热化痰
选项C：开肺化痰，止咳平喘
选项D：清热涤痰，肃肺定喘
选项E：清热解毒，泻肺开闭",C
中医诊断学,"题干描述：阳水的水肿特点为
选项A：眼睑先肿
选项B：足胫先肿
选项C：足胫、下肢先肿
选项D：眼睑、颜面先肿
选项E：上肢、眼睑先肿",D
中医诊断学,"题干描述：以下哪项不属于促脉所主的病证
选项A：气血停滞
选项B：脏气衰败
选项C：痰食停滞
选项D：阳盛实热
选项E：寒凝肝脉",E
中医儿科学,"题干描述：治疗蛔虫病肠虫证的首选方剂是
选项A：追虫丸
选项B：化虫丸
选项C：使君子散
选项D：乌梅丸
选项E：驱虫粉",C
针灸学,"题干描述：胃经在循行中，未与以下何处发生联系
选项A：口
选项B：目
选项C：鼻
选项D：膈
选项E：下齿",E
中医内科,"题干描述：下列哪一项不是实喘的表现
选项A：呼吸深长
选项B：吸入为快
选项C：气粗声高
选项D：痰鸣咳嗽
选项E：脉数有力",B
针灸学,"题干描述：八会穴是指
选项A：脏腑之气输注于背腰部的腧穴
选项B：脏腑之气汇聚于胸腹部的腧穴
选项C：六腑之气下合于足三阳经的腧穴
选项D：十二经脉与奇经八脉相通的8个输穴
选项E：脏、腑、气、血、筋、脉、骨、髓等精气聚会的8个腧穴",E
中医外科,"题干描述：治疗肠痈热毒证的代表方剂是
选项A：仙方活命饮加减
选项B：黄连解毒汤合五味消毒饮加减
选项C：大黄牡丹汤加减
选项D：复方大柴胡汤加减
选项E：大黄牡丹汤合透脓散加减",E
中医诊断学,"题干描述：下列不属于假神临床表现的是
选项A：突然昏倒，口吐白沫
选项B：目无光彩，突然目光转亮
选项C：懒言少语，突然言语不休
选项D：本无食欲，突然欲进饮食
选项E：面色无华，突然两颧泛红如妆",A
方剂学,"题干描述：逍遥散所主证候的病机要点是
选项A：阴虚肝郁，横犯脾胃
选项B：肝血不足，疏泄失常
选项C：肝气郁滞，耗伤阴血
选项D：肝郁血虚，脾失健运
选项E：营血虚滞，肝失疏泄",D
中医外科,"题干描述：初起隐痛，胀痛，皮色不变或暗紫的是
选项A：气痛
选项B：湿痛
选项C：痰痛
选项D：化脓痛
选项E：瘀血痛",E
针灸学,"题干描述：位于前正中线上，脐下1.5寸的腧穴是
选项A：建里
选项B：中脘
选项C：中极
选项D：气海
选项E：关元",D
中医诊断学,"题干描述：戴阳证患者的表现为
选项A：面黄隐隐
选项B：面色红赤
选项C：面色淡白
选项D：面色淡青
选项E：面色苍白，颧颊部嫩红如妆",E
中医内科,"题干描述：患者肺痨迁延9年余，咳嗽痰白质稀，声低气怯，午后潮红，面颧红赤，神疲，纳少，大便溏薄，自汗，盗汗，偶有痰中带血，面色少华，舌光，边有齿印，脉细弱。方选
选项A：百合固金汤加减
选项B：补天大造丸加减
选项C：月华丸加减
选项D：参苓白术散加减
选项E：秦艽鳖甲散加减",D
针灸学,"题干描述：下列输穴中，治疗便秘效果较好的是
选项A：关冲
选项B：中渚
选项C：阳池
选项D：支沟
选项E：外关",D
中医诊断学,"题干描述：手足蠕动，瘛疭，舌绛少苔，脉虚，属
选项A：下焦病证
选项B：营分证
选项C：中焦病证
选项D：少阳病证
选项E：厥阴病证",A
中医内科,"题干描述：下列哪项不是积证的特征
选项A：结块有形
选项B：结块固定不移
选项C：痛有定处
选项D：病在气分
选项E：是为脏病",D
中医内科,"题干描述：沙参麦冬汤治疗咳嗽之何种证型
选项A：风热犯肺
选项B：风寒袭肺
选项C：风燥伤肺
选项D：痰热郁肺
选项E：肺阴亏耗",E
针灸学,"题干描述：足阳明胃经与足太阴脾经的交接部位是
选项A：手小指端
选项B：无名指端
选项C：足小趾端
选项D：足大趾内端
选项E：足大趾外端",D
中医基础理论,"题干描述：暴喜可引起
选项A：精神不集中，甚则失神狂乱
选项B：精神萎靡不振，气短乏力
选项C：二便失禁，昏厥，遗精
选项D：纳呆，腹胀
选项E：心悸，惊恐不安",A
中医儿科学,"题干描述：蛲虫病治疗原则以何法为主
选项A：杀虫
选项B：驱虫
选项C：调理脾胃
选项D：消食导滞
选项E：以上都不正确",B
方剂学,"题干描述：以清热解毒，凉血止痢为主要功用的方剂是
选项A：败毒散
选项B：芍药汤
选项C：白头翁汤
选项D：黄连解毒汤
选项E：犀角地黄汤",C
中医儿科学,"题干描述：患儿，男，9岁。发热1天，口渴咽痛，烦燥不安，全身可见鲜红皮疹，疹点致密，舌红，苔黄，脉数。诊断是
选项A：风疹
选项B：幼儿急疹
选项C：麻疹
选项D：猩红热
选项E：水痘",A
中药学,"题干描述：既能够治疗热病心烦、郁闷、躁扰不宁，又能够治疗血热妄行之吐衄、尿血的药物是
选项A：石膏
选项B：知母
选项C：苦参
选项D：栀子
选项E：黄芩",D
中医儿科学,"题干描述：小儿肺炎喘嗽的病机关键为
选项A：风寒闭肺
选项B：风热闭肺
选项C：毒热闭肺
选项D：肺气闭郁
选项E：肺脾气虚",D
中医儿科学,"题干描述：鹅口疮虚火上浮证证见
选项A：口舌白屑满布
选项B：口舌白屑散在
选项C：舌如草莓
选项D：舌起芒刺
选项E：恶寒发热",B
中药学,"题干描述：既能补肾固精，又能养肝明目的药物是
选项A：决明子、石决明
选项B：青葙子、谷精草
选项C：菟丝子、沙苑子
选项D：车前子、牛蒡子
选项E：女贞子、夏枯草",C
中医儿科学,"题干描述：下述哪项不是过敏性紫癜的临床特点
选项A：紫癜多见于下肢伸侧及臀部、关节周围
选项B：多呈对称性分布
选项C：不高出皮肤
选项D：压之不退色
选项E：可伴腹痛及关节痛",C
中药学,"题干描述：具有利水通淋，止咳作用的药物是
选项A：木通
选项B：金钱草
选项C：石韦
选项D：地肤子
选项E：海金沙",C
中医儿科学,"题干描述：下述因素除哪项外皆可能成为夏季热的病因
选项A：禀赋不足
选项B：感受暑邪
选项C：病后体虚
选项D：不耐炎暑
选项E：风寒袭表",E
中药学,"题干描述：具有清热利水，止痒作用的药物是
选项A：木通
选项B：金钱草
选项C：石韦
选项D：地肤子
选项E：海金沙",D
中医儿科学,"题干描述：患儿，2岁，精神萎靡，嗜睡露睛，面色萎黄，不欲饮食，大便稀溏，色带青绿，时有肠呜，四肢不温，抽搐无力，时作时止，舌淡苔白，脉沉弱。治疗首选方剂是
选项A：附子理中汤
选项B：固真汤
选项C：镇肝熄风汤
选项D：缓肝理脾汤
选项E：羚角钩藤汤",D
中医儿科学,"题干描述：皮肤黏膜淋巴结综合征治疗原则是
选项A：辛凉透表，清热解毒
选项B：滋养胃津，顾护心阴
选项C：清热解毒，活血化瘀
选项D：益气养阴，清解余热
选项E：疏风清热，利湿解毒",C
中医外科,"题干描述：有关痰饮瘀血下列叙述正确的是
选项A：仅是病理产物
选项B：既是病理产物，在一定的条件下又为病因
选项C：任何情况下都是病因
选项D：常常痰饮单独为病
选项E：常常瘀血单独为病",B
中医内科,"题干描述：肺痈恢复期应选
选项A：千金苇茎汤合如金解毒散
选项B：银翘散
选项C：葶苈大枣泻肺汤
选项D：沙参麦冬汤或桔梗杏仁煎
选项E：加味桔梗汤",D
中药学,"题干描述：石菖蒲的功效是
选项A：开窍醒神，解郁行气
选项B：开窍醒神，清热止痛
选项C：开窍醒神，活血散瘀
选项D：开窍醒神，化湿和胃，宁神益志
选项E：开窍醒神，止痛，催产",D
中医诊断学,"题干描述：以下哪项不是气脱证的表现
选项A：呼吸微弱
选项B：汗出不止
选项C：少气乏力
选项D：面色苍白
选项E：舌淡脉微",C
方剂学,"题干描述：大承气汤的组成药物中含有
选项A：当归
选项B：芒硝
选项C：芒硝
选项D：芍药
选项E：大黄",C
中医基础理论,"题干描述：别络的生理功能为
选项A：约束纵行诸经
选项B：加强了十二经脉中相为表里的两经在体表的联系
选项C：加强了十二经脉中相为表里的两经在体内的联系
选项D：调节十二经脉的气血
选项E：分主一身左右之阴阳",B
中医儿科学,"题干描述：患儿，男，8岁，高热3天不退，颜面躯干皮疹分布密集，疹色紫暗，疱浆混浊，大便干结，舌红绛，苔黄，脉数有力。其治法是
选项A：疏风清热，利湿解毒
选项B：疏风解表，清热透疹
选项C：清气凉营，解毒化湿
选项D：清气凉营，泻火解毒
选项E：清凉解毒，透疹达邪",C
中医儿科学,"题干描述：患儿，2岁，发热3天，口腔、手足、四肢、臀部可见疱疹，疹色紫暗，疱液混浊，口臭流涎，小便黄，大便秘结，舌质红绛，苔黄厚腻，指纹紫。治疗首选
选项A：甘露消毒丹
选项B：清瘟败毒饮
选项C：凉营清气汤
选项D：清胃解毒汤
选项E：透疹凉解汤",B
中医儿科学,"题干描述：传染性单核细胞增多症的发病年龄多见于
选项A：婴儿和幼儿
选项B：幼儿和儿童
选项C：年长儿和青少年
选项D：青少年和成人
选项E：儿童和成人",C
中医儿科学,"题干描述：患儿，4岁，每晚尿床1次以上，小便清长，面白少华，神疲乏力，智力较同龄儿稍差，肢冷畏寒，舌质淡，苔白滑，脉沉无力。治疗首选方剂为
选项A：桑螵蛸散
选项B：巩堤丸
选项C：补肾地黄丸
选项D：菟丝子散
选项E：桂枝加龙骨牡蛎汤",D
中医内科,"题干描述：治疗痴呆脾肾两虚证，应首选
选项A：七福饮
选项B：还少丹
选项C：转呆丹
选项D：知柏地黄丸
选项E：河车大造丸",B
针灸学,"题干描述：治疗晕厥实证者，宜加用
选项A：关元、气海
选项B：合谷、太冲
选项C：十宣、气海
选项D：内关、百会
选项E：十二井穴",B
中医内科,"题干描述：中风中脏腑脱证的治法是
选项A：养血祛风通络
选项B：平肝潜阳，活血通络
选项C：熄风清火，豁痰开窍
选项D：化痰熄风，宣郁开窍
选项E：回阳救阴，益气固脱",E
中医诊断学,"题干描述：带下色黄，质黏臭秽，多属
选项A：脾气虚弱
选项B：湿热下注
选项C：脾肾阳虚
选项D：寒湿下注
选项E：以上都不是",B
方剂学,"题干描述：下列方剂中不属于汗法范畴的是
选项A：再造散
选项B：杏苏散
选项C：败毒散
选项D：普济消毒饮
选项E：升麻葛根汤",D
方剂学,"题干描述：香薷散主治
选项A：阴暑
选项B：暑湿证
选项C：暑热气津两伤证
选项D：暑热证
选项E：阳暑",A
中医内科,"题干描述：肺胀的病位在肺，继则影响到
选项A：心、脾，后期病及于肾
选项B：脾、肾，后期病及于心
选项C：肝、肾，后期病及于心
选项D：肝、脾，后期病及于心
选项E：心、肝，后期病及于肾",B
中医诊断学,"题干描述：面色淡黄，枯槁无华称为
选项A：黄胖
选项B：萎黄
选项C：阴黄
选项D：阳黄
选项E：黄疸",B
中医诊断学,"题干描述：下列各项中，以冷汗、肢厥、面白、脉微为主要表现的是
选项A：阴虚证
选项B：阳虚证
选项C：亡阴证
选项D：亡阳证
选项E：以上均不是",D
中医基础理论,"题干描述：“夺血者无汗，夺汗者无血”的理论依据是
选项A：气能生血
选项B：气能化津
选项C：气能摄血
选项D：津能载气
选项E：津血同源",E
针灸学,"题干描述：某女，34岁，泄泻2天，肛门灼热，腹痛，口渴喜饮，小便短赤，苔黄腻，脉濡数。除主穴外，应加用
选项A：内庭、曲池
选项B：中脘
选项C：神阙
选项D：太冲
选项E：脾俞、太白",A
针灸学,"题干描述：下列腧穴中，治疗急性胃病应首选
选项A：梁门
选项B：梁丘
选项C：内庭
选项D：上巨虚
选项E：下巨虚",B
中医外科,"题干描述：患者左腋下肿痛4天，左上肢活动不利，1周前有左手指外伤史。治疗宜选用
选项A：柴胡清肝汤
选项B：五神汤
选项C：萆薢渗湿汤
选项D：仙方活命饮
选项E：牛蒡解肌汤",A
针灸学,"题干描述：相表里的阴经与阳经的循行交接部位是
选项A：心中
选项B：胸中
选项C：腹中
选项D：头面部
选项E：手足末端",E
方剂学,"题干描述：下列各项中，不属于仙方活命饮组成药物的是
选项A：连翘
荆芥
木香
选项B：贝母
乳香
没药
选项C：防风
甘草
皂角刺
选项D：当归
防风
天花粉
选项E：甘草
白芷
穿山甲",A
中医诊断学,"题干描述：脉体宽大，来盛去衰的脉象是
选项A：大脉
选项B：芤脉
选项C：实脉
选项D：洪脉
选项E：长脉",D
方剂学,"题干描述：当归补血汤适用于
选项A：气阴两伤，久咳自汗者
选项B：疮疡溃后，久不收口者
选项C：阴虚火旺，骨蒸盗汗者
选项D：虚火灼金，咳嗽咯血者
选项E：虚劳肺萎，干咳无痰者",B
中医基础理论,"题干描述：影响宗气盛衰的因素是
选项A：心与肺的功能活动
选项B：肝与肾的功能活动
选项C：肺与肾的功能活动
选项D：肺与脾的功能活动
选项E：肝与脾的功能活动",D
中医诊断学,"题干描述：中医诊断的基本原则是
选项A：整体审察，四诊合参，病证结合
选项B：辨证求因，审因论治，脉症合参
选项C：证候真假，证候错杂，诊法合参
选项D：证候转化，病证结合，辨证求因
选项E：司外揣内，见微知著，以常衡变",A
中药学,"题干描述：石决明、决明子的共同作用是
选项A：润肠通便
选项B：清肝明目
选项C：息风止痉
选项D：止咳平喘
选项E：降气化痰",B
中医诊断学,"题干描述：口舌糜烂又见小便灼热涩痛者是
选项A：心火亢盛
选项B：膀胱湿热
选项C：胃热炽盛
选项D：肝火上炎
选项E：肠道湿热",A
中医内科,"题干描述：小青龙汤治疗肺胀哪一型
选项A：外寒内饮
选项B：痰热郁肺
选项C：痰蒙神窍
选项D：肺肾气虚
选项E：阳虚水泛",A
中医外科,"题干描述：皮肉重垂胀急，深按凹陷的是
选项A：热肿
选项B：寒肿
选项C：风肿
选项D：湿肿
选项E：痰肿",D
中药学,"题干描述：为增强活血祛瘀药的功效常配伍哪类药物同用
选项A：解表药
选项B：理气药
选项C：温里药
选项D：泻下药
选项E：补虚药",B
中医内科,"题干描述：下列关于自汗盗汗的病机描述中，错误的是
选项A：实证者多由外感风热及肝火所致
选项B：基本病机为阴阳失调，腠理不固，营卫失和
选项C：自汗多为气虚
选项D：盗汗多为阴虚
选项E：病理性质虚多实少",A
中医基础理论,"题干描述：起于目内眦的经脉是
选项A：足厥阴肝经
选项B：足阳明胃经
选项C：足太阳膀胱经
选项D：手太阴肺经
选项E：足少阳胆经",C
中医内科,"题干描述：某男，60岁，咳喘胸满，但坐不得卧，喉间痰鸣如拽锯，咯痰黏腻难出，舌苔厚浊，脉象滑实。治疗方剂宜首选
选项A：小青龙汤
选项B：射干麻黄汤
选项C：三子养亲汤
选项D：定喘汤
选项E：以上都不是",C
中医诊断学,"题干描述：以下不属结脉所主病证的是
选项A：阴盛气结
选项B：气血虚衰
选项C：寒痰
选项D：食积
选项E：瘀血",D
中医诊断学,"题干描述：伤寒病凡一经病证未罢，又见他经病证者，称为
选项A：传经
选项B：直中
选项C：合病
选项D：并病
选项E：以上都不是",D
中医诊断学,"题干描述：舌紫而吐舌可见于
选项A：血虚动风
选项B：热极生风
选项C：阴虚动风
选项D：疫毒攻心
选项E：肝阳化风",D
中医儿科学,"题干描述：下列各项，对胎怯的描述错误的是
选项A：只包括早产儿
选项B：出生体重低于2500g
选项C：相当于西医学低出生体重儿
选项D：成为围生期死亡的主要原因之一
选项E：易并发硬肿症、败血症、新生儿窒息、黄疸等疾病",A
针灸学,"题干描述：若辨证为痛痹，应选用
选项A：肾俞、关元
选项B：大椎、曲池
选项C：肝俞、太冲
选项D：膈俞、血海
选项E：阴陵泉、足三里",A
中医基础理论,"题干描述：“阴胜则阳病”说明了阴阳之间的何种关系
选项A：阴阳交感
选项B：阴阳互根
选项C：阴阳对立
选项D：阴阳消长
选项E：阴阳转化",C
中医诊断学,"题干描述：胸胁肋间饱满，咳唾引痛此属
选项A：饮留胃肠
选项B：饮停胸胁
选项C：饮溢四肢
选项D：饮停于肺
选项E：肝气郁结",B
中医诊断学,"题干描述：以下不属代脉所主病证的是
选项A：脏气衰微
选项B：痰湿
选项C：疼痛
选项D：惊恐
选项E：跌仆损伤",B
中医儿科学,"题干描述：患儿，半岁。骤闻异声后，夜里啼哭1个月，每夜发作3～5分钟。其病因是
选项A：感受外邪
选项B：伤乳因素
选项C：惊恐因素
选项D：环境污染
选项E：胎产因素",C
中医儿科学,"题干描述：阴虚咳嗽证见
选项A：咳嗽反复不已，痰白清稀，气短懒言，自汗畏寒
选项B：干咳无痰，口渴咽干，咽痒声嘶，舌红少苔
选项C：咳嗽不爽，痰黄黏稠，不易咯出，舌苔黄腻
选项D：咳嗽频作，声重咽痒，咳痰清稀，舌苔薄白
选项E：咳嗽重浊，痰多壅盛，胸闷纳呆，舌苔白腻",B
中医诊断学,"题干描述：燥淫证的特点是
选项A：恶寒发热，无汗头痛
选项B：发热恶风，头痛汗出
选项C：发热汗出，口渴乏力
选项D：胸脘痞闷，口腻不渴
选项E：干咳少痰，口渴饮水",E
中药学,"题干描述：滋补药的煎法是
选项A：武火急煎
选项B：文火久煎
选项C：武火久煎
选项D：文火略煎
选项E：另煎兑入",B
中医内科,"题干描述：患者由情志异常、精神刺激而发作，突然昏倒，不知人事，或四肢厥冷，呼吸气粗，口噤握拳，舌苔薄白，脉伏或沉弦。证属
选项A：血厥实证
选项B：痰厥
选项C：气厥虚证
选项D：血厥虚证
选项E：气厥实证",E
中医诊断学,"题干描述：脉象八要素不包括的是
选项A：脉位
选项B：脉率
选项C：脉伏
选项D：脉长
选项E：脉势",C
方剂学,"题干描述：槐花散的功用是
选项A：清肠止血，养阴清热
选项B：养血止血，清肠祛风
选项C：益气健脾，养血止血
选项D：清肠止血，疏风行气
选项E：养阴清热，凉血止血",D
中医基础理论,"题干描述：舌与其他脏腑经络的关系中，上达咽喉，与舌根相连的是
选项A：肝系
选项B：心系
选项C：肾系
选项D：肺系
选项E：脾系",D
中医外科,"题干描述：中医的血瘤，相当于西医的
选项A：血管瘤
选项B：皮脂腺囊肿
选项C：下肢静脉曲张
选项D：脂肪瘤
选项E：多发性神经纤维瘤",A
中医外科,"题干描述：发病急骤，漫肿宣浮的是
选项A：热肿
选项B：寒肿
选项C：风肿
选项D：湿肿
选项E：痰肿",C
中医诊断学,"题干描述：斑与疹的主要区别是
选项A：是否色红成片
选项B：是否时现时隐
选项C：是否抚之碍手
选项D：是否压之褪色
选项E：是否伴有身热",C
中医儿科学,"题干描述：患儿，男，3岁。因右侧腮部肿胀2天就诊。现证见右侧腮部肿痛，恶寒发热，头痛，舌质红，苔薄白微黄，脉浮数。治疗首选方剂是
选项A：柴胡葛根汤
选项B：普济消毒饮
选项C：仙方活命饮
选项D：五味消毒饮
选项E：荆防败毒散",A
中药学,"题干描述：朱砂能治疗心悸失眠，具有重镇安神之功，其归经是
选项A：归心经
选项B：归肝经
选项C：归脾经
选项D：归肺经
选项E：归肾经",A
中医内科,"题干描述：患者，男性，43岁，身热，微恶风，汗少，头昏重胀而痛，心烦口渴，胸闷恶心，小便短赤，舌苔薄黄腻，脉濡数。此患者应诊断为
选项A：感冒风寒
选项B：感冒风热
选项C：感冒暑湿
选项D：时行感冒
选项E：体虚感冒",C
中医儿科学,"题干描述：与哮喘发病关系最密切的脏腑是
选项A：肺心肝
选项B：肺脾心
选项C：肺肝脾
选项D：肝脾肾
选项E：肺脾肾",E
中药学,"题干描述：治疗水肿胀满，虫积腹痛，首选药物是
选项A：大黄
选项B：牵牛子
选项C：番泻叶
选项D：巴豆
选项E：芒硝",B
中医儿科学,"题干描述：水痘愈后可见
选项A：脱皮
选项B：脱屑
选项C：色素沉着
选项D：瘢痕
选项E：结痂后不留疤痕",E
中医基础理论,"题干描述：疾病发生的重要条件是
选项A：正气
选项B：正气不足
选项C：邪气
选项D：正邪交争
选项E：邪气损正",C
中药学,"题干描述：善于治疗梅毒或因梅毒服用汞剂而致肢体拘挛的药物是
选项A：鱼腥草
选项B：土茯苓
选项C：败酱草
选项D：蒲公英
选项E：地肤子",B
中医基础理论,"题干描述：属于“水”的官是
选项A：目
选项B：舌
选项C：口
选项D：鼻
选项E：耳",E
方剂学,"题干描述：藿香正气散的功用是
选项A：解表化湿，理气和中
选项B：宣畅气机，清利湿热
选项C：清热泻火，利水通淋
选项D：利湿消肿，理气健脾
选项E：清热化湿，理气和中",A
中医儿科学,"题干描述：硬肿症的内因是
选项A：肾阳虚衰
选项B：脾肾阳虚
选项C：肺脾气虚
选项D：肝肾阴虚
选项E：脾肾两虚",A
方剂学,"题干描述：大秦艽汤的功用是
选项A：疏风养血，清热除湿
选项B：祛风胜湿，益气养血
选项C：祛风化痰，通络止痉
选项D：疏风清热，养血活血
选项E：祛风除湿，活血止痛",D
针灸学,"题干描述：手三里位于阳溪与曲池连线上，肘横纹下
选项A：1寸
选项B：2寸
选项C：3寸
选项D：4寸
选项E：5寸",B
中医儿科学,"题干描述：病毒性心肌炎痰淤阻络证的治法
选项A：清热解毒，宁心复脉
选项B：豁痰化瘀，宁心通络
选项C：清热化湿，宁心通络
选项D：益气养阴，宁心复脉
选项E：温振心阳，宁心安神",B
中医儿科学,"题干描述：患儿，9岁。罹患心肌炎2周，寒热起伏，胸闷憋气，心悸气短，肌肉酸痛，腹痛腹泻，倦怠乏力，恶心欲吐，舌质红，苔黄腻，脉濡数。其病机是
选项A：风热犯心
选项B：湿热侵心
选项C：气阴亏虚
选项D：心阳虚弱
选项E：痰瘀阻络",B
针灸学,"题干描述：位于第1掌骨中点桡侧，赤白肉际处的腧穴是
选项A：太渊
选项B：孔最
选项C：鱼际
选项D：列缺
选项E：偏历",C
中医诊断学,"题干描述：症见身热夜甚，躁扰不宁，便血，舌质深绛，脉红数，属于
选项A：血分证
选项B：营分证
选项C：厥阴病征
选项D：少阴病证
选项E：气分证",A
中医诊断学,"题干描述：以下哪项不是燥淫证候的表现
选项A：皮肤干燥
选项B：干咳少痰
选项C：渴不欲饮
选项D：大便干燥
选项E：小便短黄",C
中药学,"题干描述：在“十八反”中，下列除哪味药物外均与甘草相反
选项A：大戟
选项B：海藻
选项C：贝母
选项D：芫花
选项E：甘遂",C
中医儿科学,"题干描述：小儿“纯阳”之体的含义是
选项A：纯阳无阴
选项B：阳常有余
选项C：阴亏阳亢
选项D：发育迅速
选项E：肝常有余",D
中医儿科学,"题干描述：百日咳初咳期的治法是
选项A：疏风祛邪，宣肺止咳
选项B：泻肺清热，涤痰镇咳
选项C：养阴润肺，健脾益气
选项D：清热解毒，利湿化痰
选项E：宣肺散邪，清热化痰",A
针灸学,"题干描述：有关晕针的处理方法，叙述不正确的是
选项A：立即停止针刺，将针全部起出
选项B：使患者平卧，头部抬高
选项C：宽衣解带，注意保暖
选项D：予以饮温开水或糖水
选项E：可刺人中、素髎、内关、足三里等穴",B
中医诊断学,"题干描述：下列哪项不是里证的临床表现
选项A：恶寒发热
选项B：口渴饮冷
选项C：胃痛喜按
选项D：舌质红苔黄
选项E：脉洪大",A
中医儿科学,"题干描述：患儿，9岁。反复呼吸道感染，诉恶风、恶寒，面色少华，四肢不温，多汗易汗，舌淡红，苔薄白，脉无力。其治法是
选项A：调和营卫，益气固表
选项B：温补肾阳，健脾益气
选项C：养阴润肺，益气健脾
选项D：补肺固表，健脾益气
选项E：健脾益气，养阴益胃",A
中医内科,"题干描述：噎膈之证的发病机理主要是
选项A：脾胃俱伤
选项B：肺胃两伤
选项C：气血郁结
选项D：本虚标实
选项E：气痰瘀交结，阻于食道、胃脘",E
中医儿科学,"题干描述：口疮虚火上浮证的治法是
选项A：疏风散火，清热解毒
选项B：消食导滞，清热解毒
选项C：清心凉血，泻火解毒
选项D：疏风解表，泻火解毒
选项E：滋阴降火，引火归原",E
中医基础理论,"题干描述：寒邪的性质和致病特点是
选项A：凝滞
选项B：黏滞
选项C：数变
选项D：重着
选项E：升散",A
中医基础理论,"题干描述：有君相安位关系的两脏是
选项A：心与肺
选项B：心与肾
选项C：肺与脾
选项D：脾与肝
选项E：肺与肝",B
中医内科,"题干描述：与水肿关系最为密切的脏腑是
选项A：肺、脾、肾
选项B：肺、胃、肾
选项C：心、脾、肾
选项D：肝、脾、肾
选项E：心、肝、肾",A
中医外科,"题干描述：适用于一切确已成脓者的是
选项A：砭镰法
选项B：切开法
选项C：挑治法
选项D：挂线法
选项E：结扎法",B
中医诊断学,"题干描述：久病小便频数，色清量多，夜间明显者多见于
选项A：膀胱湿热
选项B：热盛伤津
选项C：中气下陷
选项D：久病肾虚
选项E：以上都不是",D
中医外科,"题干描述：患者左前臂部有一肿块，呈扁平隆起，质地柔软，状如海绵，皮色略紫，按之肿块可缩小，据此可诊断为
选项A：气瘤
选项B：脂瘤
选项C：筋瘤
选项D：血瘤
选项E：肉瘤",D
方剂学,"题干描述：方中芍药与桂枝配伍以调和营卫的方剂是
选项A：阳和汤
选项B：逍遥散
选项C：桂枝汤
选项D：小建中汤
选项E：痛泻要方",C
中医内科,"题干描述：大肠癌瘀毒内阻证的治疗方剂
选项A：少腹逐瘀汤
选项B：复元活血汤
选项C：膈下逐瘀汤
选项D：血府逐瘀汤
选项E：桃核承气汤",C
中药学,"题干描述：穿山甲兼能治疗的病证是
选项A：肠燥便秘
选项B：食积胀痛
选项C：血虚经闭
选项D：痛经下乳
选项E：热病神昏",D
方剂学,"题干描述：生脉散适用于
选项A：气阴两伤，久咳自汗者
选项B：疮疡溃后，久不收口者
选项C：阴虚火旺，骨蒸盗汗者
选项D：虚火灼金，咳嗽咯血者
选项E：虚劳肺萎，干咳无痰者",A
中药学,"题干描述：具有镇惊安神，平肝潜阳功效的药物是
选项A：石菖蒲
选项B：远志
选项C：龙骨
选项D：酸枣仁
选项E：合欢皮",C
中医内科,"题干描述：患者精神抑郁，表情淡漠，神志痴呆，语无伦次，不思饮食，舌苔腻，脉弦滑。其证候是
选项A：肝气郁结
选项B：痰气郁结
选项C：痰火上扰
选项D：风痰闭阻
选项E：痰浊壅塞",B
中药学,"题干描述：下列药物中可用于治疗巅顶头痛的是
选项A：藁本
选项B：防风
选项C：细辛
选项D：辛夷
选项E：荆芥",A
中医诊断学,"题干描述：真寒假热的面色是
选项A：满面通红
选项B：浮红如妆
选项C：面色紫暗
选项D：面呈青色
选项E：面呈黑色",B
中药学,"题干描述：下列哪项主要是概括药物的药性和作用
选项A：归经
选项B：四气五味
选项C：升降浮沉
选项D：毒性
选项E：配伍七情",B
中药学,"题干描述：薄荷入汤剂宜
选项A：先煎
选项B：冲服
选项C：后下
选项D：另煎
选项E：布包煎",C
中医儿科学,"题干描述：儿童多动症，其病在肝者，临床证候是
选项A：易于冲动，好动难静，容易发怒，常不能自控
选项B：兴趣多变，做事有头元尾，记忆力差
选项C：脑失精明，学习成绩低下，记忆力欠佳，或有遗尿、腰酸乏力
选项D：注意力不集中，情绪不稳定，多梦烦躁
选项E：神思涣散，活动过多，动作笨拙",A
方剂学,"题干描述：连朴饮的功用是
选项A：解表化湿，理气和中
选项B：宣畅气机，清利湿热
选项C：清热泻火，利水通淋
选项D：利湿消肿，理气健脾
选项E：清热化湿，理气和中",E
中医儿科学,"题干描述：小儿反复呼吸道感染病位主要在肺，常涉及的脏腑是
选项A：脾肾
选项B：心肝
选项C：脾胃
选项D：肝肾
选项E：心肾",A
方剂学,"题干描述：治疗气阴两亏之肺痿，宜用
选项A：玉液汤
选项B：炙甘草汤
选项C：麦门冬汤
选项D：养阴清肺汤
选项E：清燥救肺汤",B
中医基础理论,"题干描述：手厥阴经分布在
选项A：上肢内侧前缘
选项B：上肢外侧前缘
选项C：上肢内侧后缘
选项D：上肢内侧中线
选项E：上肢外侧后缘",D
中药学,"题干描述：善于治疗风热音哑，肝热目赤，小儿夜啼的药物是
选项A：薄荷
选项B：柴胡
选项C：葛根
选项D：桑叶
选项E：蝉蜕",E
中医儿科学,"题干描述：抽动障碍阴虚风动证的治法为
选项A：滋阴潜阳，柔肝熄风
选项B：补益肝肾，平肝熄风
选项C：滋阴潜阳，镇肝熄风
选项D：育阴潜阳，滋肾养肝
选项E：滋阴养血，柔肝熄风",A
中医内科,"题干描述：头晕目眩，视物旋转不定，甚则不能站立，耳鸣，但无神志异常的表现。此为
选项A：痫证
选项B：眩晕
选项C：厥证
选项D：昏迷
选项E：中风",B
方剂学,"题干描述：参苏饮与败毒散二方组成中均含有的药物是
选项A：半夏
苏叶
选项B：羌活
独活
选项C：柴胡
川芎
选项D：木香
枳壳
选项E：前胡
茯苓",E
中医内科,"题干描述：郁病痰气郁结证的治疗宜选用
选项A：柴胡疏肝散
选项B：丹栀逍遥散
选项C：半夏厚朴汤
选项D：甘麦大枣汤
选项E：龙胆泻肝汤",C
中医儿科学,"题干描述：腹部膨大，肢体瘦弱，发稀，额上青筋显现，多为
选项A：积滞
选项B：厌食
选项C：疳积
选项D：泄泻
选项E：五迟",C
中医内科,"题干描述：下列不是外感腰痛的致病病邪的是
选项A：风
选项B：寒
选项C：湿
选项D：热
选项E：燥",E
中药学,"题干描述：下列除哪味药物外，均是妊娠禁用药物
选项A：牵牛
选项B：桃仁
选项C：巴豆
选项D：莪术
选项E：水蛭",B
中药学,"题干描述：可以治疗虚寒气滞，久泻不止的药物是
选项A：芡实
选项B：赤石脂
选项C：莲子
选项D：浮小麦
选项E：肉豆蔻",E
针灸学,"题干描述：被称为“阳脉之海”的是
选项A：带脉
选项B：督脉
选项C：冲脉
选项D：阳维脉
选项E：阳脉",B
中医儿科学,"题干描述：患儿，2岁4个月。平素形体消瘦，面色萎黄，乏力食少，近日过食甜点后，进食更少，且稍食则饱胀，腹满喜按，大便溏、酸臭，夹有不消化食物，舌淡红，苔白腻，指纹淡滞。治疗应首选
选项A：保和丸
选项B：消乳丸
选项C：健脾丸
选项D：八珍汤
选项E：肥儿丸",C
中医外科,"题干描述：下列哪项不是外科局部辨证的主要内容
选项A：辨肿
选项B：辨痛
选项C：辨痒
选项D：辨脓
选项E：辨气血",E
中药学,"题干描述：具有疏散风热，清利头目之功效的药物是
选项A：葛根
选项B：浮萍
选项C：升麻
选项D：蔓荆子
选项E：淡豆豉",D
中医诊断学,"题干描述：肾在舌上分属部位是
选项A：舌尖
选项B：舌中
选项C：舌根
选项D：舌边
选项E：舌底",C
中医外科,"题干描述：脱肛相当于西医学的
选项A：肛裂
选项B：直肠脱垂
选项C：刚漏
选项D：锁肛痔
选项E：以上都不是",B
中医儿科学,"题干描述：抽动障碍脾虚痰聚证首选方剂为
选项A：暖肝理脾汤
选项B：十味温胆汤
选项C：大定风珠
选项D：固真汤
选项E：六君子汤",B
中药学,"题干描述：既能行气宽中安胎，又能解表散寒、解鱼蟹毒的药物是
选项A：砂仁
选项B：黄芩
选项C：紫苏
选项D：白术
选项E：豆蔻",C
中医儿科学,"题干描述：胎怯的关键病机是
选项A：脾肾两虚
选项B：肺肾两虚
选项C：肝肾不足
选项D：肺脾两虚
选项E：五脏不足",A
中医内科,"题干描述：下列选项中，不属于痴呆诊断依据的是
选项A：无理由地欣快，易于激动或暴怒
选项B：精神错乱，语无伦次，静而多喜
选项C：记忆力减退，理解力下降
选项D：性情孤僻，表情淡漠，语言重复
选项E：抽象思维能力下降",B
针灸学,"题干描述：下列各组中，属于原络配穴的是
选项A：大陵、内关
选项B：内关、外关
选项C：太渊、合谷
选项D：神门、支正
选项E：太白、冲阳",D
中医内科,"题干描述：肾癌脾肾两虚证的治法是
选项A：行气散结
选项B：益气养阴
选项C：温阳益精
选项D：滋肾养肝
选项E：健脾益肾，软坚散结",E
针灸学,"题干描述：与上牙痛关系最密切的经脉是
选项A：足阳明胃经
选项B：手少阳三焦经
选项C：手阳明大肠经
选项D：手太阳小肠经
选项E：足少阳胆经",A
中医基础理论,"题干描述：属于“金”的体是
选项A：筋
选项B：脉
选项C：肉
选项D：皮
选项E：骨",D
中医内科,"题干描述：左某，男，42岁。患慢性肝炎十余年。近一周来出现腹胀大，按之不坚，胁下胀满疼痛，纳食减少，食后作胀，嗳气不爽，小便短少，苔白腻，脉弦。治宜选用
选项A：柴胡疏肝散
选项B：五苓散
选项C：茵陈蒿汤
选项D：调营饮
选项E：中满分消丸",A
中医基础理论,"题干描述：肾在志为
选项A：怒
选项B：喜
选项C：思
选项D：悲
选项E：恐",E
中医基础理论,"题干描述：属于“火”的志是
选项A：怒
选项B：喜
选项C：思
选项D：悲
选项E：恐",B
方剂学,"题干描述：四逆汤与当归四逆汤二方组成中均含有的药物是
选项A：当归
选项B：附子
选项C：桂枝
选项D：干姜
选项E：甘草",E
中医基础理论,"题干描述：下列说法错误的是
选项A：胃称为“太仓”
选项B：胃有“水谷之海”之称
选项C：脾有“五脏六腑之海”之称
选项D：小肠者，受盛之官
选项E：大肠者，传导之官",C
针灸学,"题干描述：常用于治疗皮肤瘙痒等皮肤病证的腧穴是
选项A：肾俞
选项B：膈俞
选项C：心俞
选项D：肝俞
选项E：脾俞",B
中药学,"题干描述：善于养血敛阴，柔肝止痛，平抑肝阳的药物是
选项A：当归
选项B：熟地黄
选项C：阿胶
选项D：白芍
选项E：何首乌",D
中医基础理论,"题干描述：属于正治的是
选项A：热因热用
选项B：以通治通
选项C：热者寒之
选项D：用热远热
选项E：以补开塞",C
中医儿科学,"题干描述：皮肤黏膜淋巴结综合征的治疗，自初期至后期，始终应注意的是
选项A：化痰散结
选项B：收敛止血
选项C：清气分热
选项D：活血化瘀
选项E：温阳通脉",D
中医内科,"题干描述：肝郁泄泻的主方是
选项A：葛根芩连汤
选项B：藿香正气散
选项C：痛泻要方
选项D：芍药汤
选项E：柴胡疏肝散",C
中医基础理论,"题干描述：五脏阳气的根本是
选项A：肝阳
选项B：心阳
选项C：脾阳
选项D：肺阳
选项E：肾阳",E
中医诊断学,"题干描述：当瘟疫类疾病发生时病室中气味为
选项A：腐臭气
选项B：臭气触人
选项C：尿臊气
选项D：蒜臭气
选项E：烂苹果气",B
中医诊断学,"题干描述：肝火炽盛证的表现应除外下列哪项
选项A：头晕胀痛
选项B：面红目赤
选项C：口干口苦
选项D：胁肋灼痛
选项E：耳鸣如蝉",E
方剂学,"题干描述：大建中汤的功用是
选项A：温中祛寒，补气健脾
选项B：温中散寒，缓急止痛
选项C：温中补虚，降逆止痛
选项D：温中补虚，降逆止呕
选项E：温中补虚，和里缓急",C
中医内科,"题干描述：下列哪一项不是黄疸湿重于热证的特点
选项A：黄疸不甚鲜明
选项B：头重身困
选项C：舌苔黄腻
选项D：胸脘痞闷
选项E：脉濡",C
中医内科,"题干描述：痹证与痿证的鉴别要点首先在于
选项A：肢体活动情况
选项B：有无肌肉萎缩
选项C：痛与不痛
选项D：有无外感
选项E：关节肿与不肿",C
方剂学,"题干描述：十灰散组成药物中含有
选项A：白术
选项B：青黛
选项C：山栀
选项D：枳壳
选项E：蒲黄",C
中医内科,"题干描述：张某，男，20岁。腹痛拒按，烦渴引饮，大便秘结，潮热汗出，小便短黄，舌质红，苔黄燥或黄腻，脉滑数。治宜选用
选项A：通脉四逆汤
选项B：乌头桂枝汤
选项C：当归四逆汤
选项D：大承气汤
选项E：吴茱萸汤",D
中药学,"题干描述：善于治疗血淋、尿血的药物是
选项A：车前子
选项B：泽泻
选项C：石韦
选项D：萆薢
选项E：木通",C
中医儿科学,"题干描述：儿科发病率居于第二位的是
选项A：肺系病证
选项B：心系病证
选项C：肝系病证
选项D：脾系病证
选项E：肾系病证",D
中医内科,"题干描述：张某，男，65岁，有冠心病史6年。今日突然心胸绞痛，胸中有窒息感，心慌，面色苍白，大汗淋漓，四肢厥冷，舌淡少苔，脉疾数无力。此证的治法是
选项A：温补心阳，散寒通脉
选项B：益气活血，通脉止痛
选项C：回阳救逆，益气固脱
选项D：滋阴清火，养心和络
选项E：益气养阴，活血通脉",C
中医基础理论,"题干描述：具有“升举内脏”功能，维持内脏位置相对恒定的脏是
选项A：肝
选项B：心
选项C：脾
选项D：肺
选项E：肾",C
方剂学,"题干描述：防己黄芪汤与当归拈痛汤的组成药物中均含有
选项A：甘草
选项B：白术
选项C：防风
选项D：当归
选项E：桂枝",A
中医诊断学,"题干描述：脉短如豆，滑数有力的脉象是
选项A：促脉
选项B：疾脉
选项C：微脉
选项D：动脉
选项E：短脉",D
中药学,"题干描述：以下除哪项外，均是攻下药的适应证
选项A：饮食积滞
选项B：虚寒泻痢
选项C：血热妄行
选项D：冷积便秘
选项E：大肠燥热",B
中医儿科学,"题干描述：手足口病的好发年龄哪种说法正确
选项A：2岁以下
选项B：3岁以下
选项C：4岁以下
选项D：5岁以下
选项E：6岁以下",D
中医内科,"题干描述：胸痹的辨证，应首辨的要点是
选项A：脉象变化
选项B：外感内伤
选项C：标本虚实
选项D：病情轻重
选项E：寒热虚实",D
中医儿科学,"题干描述：患儿，6个月。近期夜间啼哭，时哭时止，睡喜蜷曲，四肢欠温，吮乳无力，胃纳欠佳，大便溏，舌苔薄白，指纹淡红。其证候是
选项A：心经积热
选项B：脾寒气滞
选项C：肝胃不和
选项D：惊恐伤神
选项E：气血不足",B
中医外科,"题干描述：疖的治疗方法，以下列哪项为主
选项A：散风清热
选项B：泻火饵毒
选项C：凉血活血
选项D：清热解毒
选项E：和营解毒",D
针灸学,"题干描述：以下哪穴不是足太阴脾经的五输穴
选项A：大都
选项B：地机
选项C：商丘
选项D：太白
选项E：隐白",B
中医内科,"题干描述：肺痈溃脓期的治法是
选项A：养阴清肺
选项B：清肺化痰
选项C：养阴补肺
选项D：排脓解毒
选项E：益气养阴",D
中医内科,"题干描述：喘脱危象，宜急服
选项A：回阳救急汤
选项B：苏子降气汤
选项C：参附汤送服黑锡丹
选项D：控涎丹
选项E：紫金丹",C
方剂学,"题干描述：麻子仁丸和济川煎都具有的功用是
选项A：泻热
选项B：行气
选项C：润肠
选项D：滋阴
选项E：养血",C
中医内科,"题干描述：湿热腰痛的特点是
选项A：腰部疼痛，重着而热
选项B：腰痛如刺，痛有定处
选项C：腰部冷痛重着
选项D：腰部隐痛
选项E：腰部酸软无力",A
中药学,"题干描述：治疗温病气分证和疮溃不敛的药物是
选项A：石膏
选项B：夏枯草
选项C：知母
选项D：芦根
选项E：淡竹叶",A
针灸学,"题干描述：治疗局部皮肤麻木或功能减退，常选的拔罐法是
选项A：留罐法
选项B：走罐法
选项C：闪罐法
选项D：刺血拔罐法
选项E：留针拔罐法",C
中医儿科学,"题干描述：治疗麻疹逆证邪毒闭肺证的首选方剂是
选项A：定喘汤
选项B：苏葶丸
选项C：清宁散
选项D：葶苈大枣泻肺汤
选项E：麻杏石甘汤",E
中医诊断学,"题干描述：神志不清，语言重复，声音低微，时断时续称为
选项A：独语
选项B：错语
选项C：狂言
选项D：谵语
选项E：郑声",E
中医外科,"题干描述：下列哪一项为尖锐湿疣的中医病因病机
选项A：湿热秽浊由下焦前阴入侵，阻于膀胱及肝经
选项B：湿热秽浊之邪侵及肝经、下注阴部
选项C：风热毒邪搏于肌肤而生
选项D：秽浊之毒酿生湿热，下注皮肤黏膜
选项E：淫秽疫毒与湿热、风邪杂合所致",D
中医内科,"题干描述：患者男性，65岁，排尿不畅3年，加重1个月，小便点滴而出，小腹胀痛，腰膝酸痛，神疲乏力，畏寒肢冷，舌质淡，苔白，脉沉细无力，应诊为
选项A：淋证
选项B：关格
选项C：少尿
选项D：腰痛
选项E：癃闭",E
中医基础理论,"题干描述：具有“喜燥恶湿”生理特性的脏是
选项A：肝
选项B：心
选项C：脾
选项D：肺
选项E：肾",C
方剂学,"题干描述：麻子仁丸的组成药物中不含
选项A：大黄
选项B：枳实
选项C：当归
选项D：杏仁
选项E：芍药",C
中药学,"题干描述：白头翁多用于治疗
选项A：热毒血痢
选项B：肠痈腹痛
选项C：肺痈胸痛，咳吐脓血
选项D：乳痈肿痛
选项E：热毒壅盛之斑疹不畅或色紫暗",A
针灸学,"题干描述：针灸治疗遗尿，常选的耳穴是
选项A：肾、膀胱、尿道、皮质下
选项B：膀胱、三焦、脾、肺
选项C：尿道、肾、三焦、肺
选项D：内分泌、膀胱、脾、肺
选项E：肾、脾、肺、尿道",A
中医内科,"题干描述：患者男性，40岁，急性发病，发病半日，尿道窘迫疼痛，少腹拘急，腰部绞痛，大便秘结，曾发作二次排尿突然中断。舌质红，苔黄腻，脉弦紧数。应选用的主方为
选项A：石韦散
选项B：八正散
选项C：沉香散
选项D：四妙丸
选项E：大柴胡汤",A
中医外科,"题干描述：下列哪项不是外科辨病的方法
选项A：详询病史
选项B：全面体检
选项C：注重局部
选项D：选用新技术和必要的辅助检查
选项E：综合诊断，治疗得当",E
中医内科,"题干描述：胸痹气阴两虚证，其临床特点是
选项A：胸部刺痛，入夜尤甚
选项B：胸闷隐痛，时作时止
选项C：胸闷如窒，气短喘促
选项D：胸闷气短，畏寒肢冷
选项E：胸痛彻背，感寒痛甚",B
方剂学,"题干描述：当归补血汤重用黄芪为君，意在
选项A：补气生血
选项B：补气固表
选项C：补气托毒
选项D：补气行血
选项E：补气行水",A
中医基础理论,"题干描述：具有司呼吸作用的气是
选项A：元气
选项B：宗气
选项C：营气
选项D：卫气
选项E：脏腑之气",B
方剂学,"题干描述：越鞠丸的君药是
选项A：栀子
选项B：苍术
选项C：川芎
选项D：神曲
选项E：香附",E
中药学,"题干描述：矿石贝壳药的煎法是
选项A：武火急煎
选项B：文火久煎
选项C：武火久煎
选项D：文火略煎
选项E：另煎兑入",B
中药学,"题干描述：具有祛风解表止血功效的药物是
选项A：藁本
选项B：白芷
选项C：羌活
选项D：防风
选项E：荆芥",E
中医诊断学,"题干描述：在按诊中，用指掌稍用力寻抚胸腹、腧穴等部位称为
选项A：触法
选项B：摸法
选项C：按法
选项D：直接叩击法
选项E：间接叩击法",B
中医基础理论,"题干描述：何曰“润下”
选项A：木
选项B：火
选项C：土
选项D：金
选项E：水",E
中医诊断学,"题干描述：下列哪项不是表证必备的特点
选项A：感受外邪所致
选项B：起病急
选项C：病位浅
选项D：病程短
选项E：必发展为里证",E
中医儿科学,"题干描述：患儿，男，2岁。初起发热、流涕、咳嗽，咳嗽以入夜为甚，咳声不扬，尚未发生痉咳，舌苔薄白。治疗首选方剂为
选项A：桑白皮汤
选项B：三拗汤
选项C：沙参麦冬汤
选项D：人参五味子汤
选项E：清燥救肺汤",B
中医内科,"题干描述：胃痛暴作，恶寒喜暖，得温痛减，遇寒加重，口淡不渴，或喜热饮，舌淡苔薄白，脉弦紧。证属
选项A：寒邪客胃证
选项B：饮食伤胃证
选项C：肝气犯胃证
选项D：湿热中阻证
选项E：瘀血停胃证",A
中医儿科学,"题干描述：反复呼吸道感染，肺脾气虚证的表现不包括
选项A：面黄少华
选项B：腰膝酸软
选项C：少气懒言
选项D：自汗多汗
选项E：脉无力，指纹淡",B
中医诊断学,"题干描述：下列哪项是形盛气衰的表现
选项A：体胖能食，肌肉坚实
选项B：体胖食少，神疲乏力
选项C：形瘦能食，舌红苔黄
选项D：形瘦颧红，皮肤干焦
选项E：卧床不起，骨瘦如柴",B
方剂学,"题干描述：甘露消毒丹的组成药物中含有
选项A：茵陈
选项B：青蒿
选项C：茵陈
选项D：青蒿
选项E：茵陈",A
方剂学,"题干描述：猪苓汤中配伍阿胶的用意是
选项A：滋阴补血
选项B：补血止血
选项C：润肺止咳
选项D：养血益气
选项E：滋阴润燥",E
中医儿科学,"题干描述：猩红热的典型舌象为
选项A：地图舌
选项B：红绛舌
选项C：霉酱苔
选项D：镜面舌
选项E：草莓舌",E
中药学,"题干描述：桔梗与贝母都能够治疗的病证是
选项A：肠痈
选项B：乳痈
选项C：疮痈
选项D：肺痈
选项E：瘰疬",D
中医内科,"题干描述：肾虚头痛的特征为
选项A：头昏胀痛
选项B：头痛昏蒙
选项C：头痛如裹
选项D：头痛且空
选项E：头痛而晕",D
中医内科,"题干描述：患者沉默痴呆，语无伦次，静而多喜。其诊断是
选项A：癫证
选项B：狂证
选项C：痛证
选项D：痉证
选项E：中风",A
中医儿科学,"题干描述：治疗风疹邪入气营证的首选方剂是
选项A：银翘散
选项B：白虎汤
选项C：透疹凉解汤
选项D：清气凉营汤
选项E：解肌透痧汤",C
中医内科,"题干描述：下列哪项是血鼓的特征
选项A：腹部部胀满膨大
选项B：嗳气或矢气则舒
选项C：腹臌大如蛙腹
选项D：按之如囊裹水
选项E：常伴下肢浮肿",A
中医诊断学,"题干描述：真寒假热证产生的机理是
选项A：阴盛格阳
选项B：阳盛格阴
选项C：阴不敛阳
选项D：阳不敛阴
选项E：表热里寒",A
中医内科,"题干描述：下列哪一项不是瘀血阻络胁痛的特点
选项A：胁肋刺痛
选项B：胸闷腹胀
选项C：痛有定处
选项D：入夜痛甚
选项E：舌质紫暗",B
中医内科,"题干描述：痫病瘀阻脑络证的治法为
选项A：理气化痰，活血化瘀
选项B：行气解郁，化瘀通络
选项C：活血化瘀，熄风通络
选项D：活血化瘀，开窍醒神
选项E：理气化痰，醒脑通窍",C
中医诊断学,"题干描述：眩晕欲仆，肢体震颤，步履不稳，舌红脉弦有力属于
选项A：血虚生风
选项B：热极生风
选项C：阴虚动风
选项D：肝阳上亢
选项E：肝阳化风",E
中医儿科学,"题干描述：脾肾阳虚泻的治法为
选项A：健脾温阳，助运止泻
选项B：健脾益气，酸甘敛阴
选项C：补肾滋阴，平肝降火
选项D：温补脾肾，固涩止泻
选项E：挽阴回阳，救逆固脱",D
中医儿科学,"题干描述：以下哪一项不属于麻疹初起的临床症状
选项A：发热
选项B：咳嗽
选项C：两目畏光
选项D：咽部有出血性红点
选项E：口腔两颊黏膜近臼齿处可见麻疹黏膜斑",D
中药学,"题干描述：黄芪与茯苓配伍，茯苓能增强黄芪的补气利水作用，这种配伍关系是
选项A：相须
选项B：相使
选项C：相反
选项D：相恶
选项E：相畏",B
中医儿科学,"题干描述：下列不属于内伤咳嗽证的是
选项A：痰热咳嗽证
选项B：痰湿咳嗽证
选项C：气虚咳嗽证
选项D：阴虚咳嗽证
选项E：风寒咳嗽证",E
方剂学,"题干描述：黄土汤的功用是
选项A：温脾散寒，涩肠止泻
选项B：温中散寒，益气健脾
选项C：温阳健脾，益气摄血
选项D：温阳健脾，养血止血
选项E：温肾暖脾，渗湿止泻",D
方剂学,"题干描述：小蓟饮子的组成药物中不包括
选项A：藕节
木通
选项B：当归
蒲黄
选项C：生地
滑石
选项D：栀子
淡竹叶
选项E：大黄
车前子",E
方剂学,"题干描述：四逆汤和理中丸中均含有的药物是
选项A：人参
选项B：大黄
选项C：甘草
选项D：白术
选项E：干姜",E
中医诊断学,"题干描述：小儿口角流涎多属于
选项A：脾气虚弱
选项B：湿热内蕴
选项C：心脾积热
选项D：肝风内动
选项E：胃气虚弱",A
针灸学,"题干描述：痛经实证的针灸治疗宜选取
选项A：中脘、次髎、地机、三阴交
选项B：中极、次髎、地机、三阴交
选项C：关元、足三里、阴陵泉
选项D：关元、足三里、三阴交
选项E：关元、气海、三阴交",B
中药学,"题干描述：均善于治疗肺痈的药物是
选项A：金银花、连翘
选项B：生地黄、玄参
选项C：鱼腥草、芦根
选项D：牡丹皮、赤芍
选项E：地骨皮、白薇",C
方剂学,"题干描述：天王补心丹中配伍茯苓意在
选项A：宁心
选项B：健脾
选项C：消痰
选项D：渗湿
选项E：利水",A
方剂学,"题干描述：由黄连、半夏、瓜蒌组成的方剂是
选项A：半夏泻心汤
选项B：大陷胸汤
选项C：滚痰丸
选项D：小陷胸汤
选项E：清气化痰丸",D
中医基础理论,"题干描述：具有“主治节”功能的脏是
选项A：肝
选项B：心
选项C：脾
选项D：肺
选项E：肾",D
中药学,"题干描述：下列哪组药物是辛凉解表药
选项A：薄荷、桑叶、荆芥
选项B：蝉衣、柴胡、菊花
选项C：柴胡、淡豆豉、防风
选项D：牛蒡子、苍耳子、升麻
选项E：蔓荆子、辛夷、葛根",B
方剂学,"题干描述：方中芍药与甘草配伍以和里缓急的方剂是
选项A：阳和汤
选项B：逍遥散
选项C：桂枝汤
选项D：小建中汤
选项E：痛泻要方",D
中医基础理论,"题干描述：“决渎之官”指的是
选项A：胆
选项B：胃
选项C：小肠
选项D：三焦
选项E：膀胱",D
中药学,"题干描述：在“十八反”中，下列除哪味药物外均与乌头相反
选项A：玄参
选项B：白及
选项C：贝母
选项D：瓜蒌
选项E：半夏",A
针灸学,"题干描述：治疗暴病耳聋，鸣声隆隆，伴畏寒，发热，脉浮，宜在翳风、听会、侠溪、中渚基础上，加取
选项A：太冲、丘墟
选项B：外关、合谷
选项C：风门、肺俞
选项D：丰隆、脾俞
选项E：足三里、三阴交",B
针灸学,"题干描述：耳后两乳突之间的骨度分寸是
选项A：4寸
选项B：6寸
选项C：8寸
选项D：9寸
选项E：12寸",D
中药学,"题干描述：青皮与陈皮的功效区别是
选项A：陈皮理脾胃之气，消积化滞；青皮理肝气，散寒止痛
选项B：陈皮理脾胃之气，燥湿化痰；青皮理肝气，活血止痛
选项C：陈皮理脾胃之气，降气化痰；青皮理肝气，消积化滞
选项D：陈皮理脾胃之气，降气化痰；青皮理肝气，活血调经
选项E：陈皮理脾胃之气，燥湿化痰；青皮理肝气，消积化滞",E
中医内科,"题干描述：治疗痰热郁肺型肺胀的首选方剂是
选项A：清金化痰汤
选项B：越婢加半夏汤
选项C：小青龙加石膏汤
选项D：麻杏石甘汤
选项E：定喘汤",B
中医诊断学,"题干描述：外感热病，气分热盛的脉象是
选项A：浮数
选项B：滑数
选项C：洪数
选项D：濡数
选项E：弦数",C
中医基础理论,"题干描述：感邪后缓慢发病是
选项A：徐发
选项B：合病
选项C：复发
选项D：感而即发
选项E：伏而后发",A
中药学,"题干描述：具有健脾补中，升阳举陷，益卫固表，托毒生肌，利水消肿功效的药物是
选项A：人参
选项B：西洋参
选项C：党参
选项D：太子参
选项E：黄芪",E
针灸学,"题干描述：关于十二经别的作用，描述不正确的是
选项A：加强了十二经脉的内外联系
选项B：对十二经气血有蓄积和渗灌调节作用
选项C：加强了经脉所属络的脏腑在体腔深部的联系
选项D：补充了十二经脉在体内外循行的不足
选项E：扩大了经穴的主治范围",B
针灸学,"题干描述：某女，20岁，食海鲜后皮肤出现大小不等，形状不一的风团，高起皮肤，边界清楚，色红，瘙痒，伴恶心,，肠鸣泄泻，舌红，苔黄腻，脉滑数。除曲池、合谷、血海、膈俞、三阴交外，应加取
选项A：外关、风池
选项B：足三里、天枢
选项C：三阴交、天枢
选项D：足三里、大横
选项E：三阴交、风池",B
中医儿科学,"题干描述：抽动障碍的病因为
选项A：脏腑阴阳失调
选项B：五志过极，风痰内蕴
选项C：元气未充，心神怯弱
选项D：肝常有余，肝风内动
选项E：脾虚肝旺，肝风扰动",B
中药学,"题干描述：人参入汤剂的用法是
选项A：先煎
选项B：后下
选项C：包煎
选项D：另煎
选项E：泡服",D
中医儿科学,"题干描述：小儿咳嗽的主要内因是
选项A：肺脾虚弱
选项B：肝肾阴虚
选项C：肺肾两虚
选项D：肝脾不和
选项E：心脾两虚",A
中医内科,"题干描述：治疗悬饮饮停胸胁证宜选用
选项A：柴枳半夏汤
选项B：香附旋覆花汤
选项C：椒目瓜蒌汤合十枣汤
选项D：沙参麦冬汤合泻白散
选项E：苓桂术甘汤合小半夏加茯苓汤",C
中医外科,"题干描述：患者女性，24岁，左乳房内单个肿块，无疼痛，边界清楚，表面光滑，活动度好，应诊断为
选项A：乳癖
选项B：乳核
选项C：乳痈
选项D：乳岩
选项E：乳疬",B
中医儿科学,"题干描述：痫证患儿，发作时突然仆倒，神志不清，颈项及全身强直，继而四肢抽搐，两目上视，牙关紧闭，口吐白沫，口唇及面部色青，舌苔白，脉弦滑。治疗应首选方剂是
选项A：定痫丸
选项B：远志丸
选项C：定魄丸
选项D：镇惊丸
选项E：涤痰汤",A
中医内科,"题干描述：治疗行痹，应首选
选项A：乌头汤
选项B：薏苡仁汤
选项C：防风汤
选项D：宣痹汤
选项E：白虎加桂枝汤",C
针灸学,"题干描述：下列五输穴中，属于本经子穴的是
选项A：大都
选项B：中渚
选项C：行间
选项D：解溪
选项E：少府",C
中医诊断学,"题干描述：鼻流浊涕者，多属
选项A：外感风热
选项B：胆经湿热
选项C：阳气虚弱
选项D：外感风寒
选项E：阴虚肺燥",A
中医诊断学,"题干描述：迟脉的主病是
选项A：虚热证
选项B：痰饮
选项C：寒证
选项D：血瘀
选项E：气滞",C
中医内科,"题干描述：胸痹的主要病机为
选项A：气滞血瘀
选项B：寒凝气滞
选项C：痰瘀交阻
选项D：阳气虚衰
选项E：心脉痹阻",E
中医儿科学,"题干描述：患儿18个月。乳牙未萌出。以下诊断中可能性最大的是
选项A：佝偻病
选项B：龋齿
选项C：解颅
选项D：肥胖症
选项E：脑发育不良",A
中医内科,"题干描述：不寐之心肾不交证的主治方剂是
选项A：归脾汤
选项B：龙胆泻肝汤
选项C：黄连温胆汤
选项D：六味地黄丸合交泰丸
选项E：安神定志丸合酸枣仁汤",D
方剂学,"题干描述：吴茱萸汤和理中丸二方组成中均含有的药物是
选项A：大枣
选项B：干姜
选项C：白术
选项D：人参
选项E：吴茱萸",D
中药学,"题干描述：鱼腥草善于治疗的病证是
选项A：乳痈
选项B：肠痈
选项C：肺痈
选项D：疔毒
选项E：大头瘟毒",C
中药学,"题干描述：何首乌的功效是
选项A：既能化痰止咳，又能润肠通便
选项B：既能补血活血，又能润肠通便
选项C：既能补益精血，又能润肠通便
选项D：既能补肾助阳，又能润肠通便
选项E：既能利水消肿，又能润肠通便",C
中医儿科学,"题干描述：水痘的隔离期为
选项A：疱疹消退后1周
选项B：发热消退后1周
选项C：疱疹与结痂并见时
选项D：痘疹出齐后
选项E：痘疹全部结痂后",E
中医内科,"题干描述：呃逆的病位与下列哪项无关
选项A：心
选项B：胃
选项C：肺
选项D：肝
选项E：肾",A
针灸学,"题干描述：下列经脉中，在大腿部没有经穴分布的是
选项A：足阳明胃经
选项B：足少阳胆经
选项C：足太阴脾经
选项D：足厥阴肝经
选项E：足少阴肾经",E
中药学,"题干描述：下列各项中属于消除脘腹胀满之要药的是
选项A：藿香
选项B：佩兰
选项C：苍术
选项D：厚朴
选项E：砂仁",D
中医内科,"题干描述：关于真心痛气虚血瘀证临床表现，错误的是
选项A：心胸刺痛
选项B：动则加重
选项C：短气乏力
选项D：舌质暗淡
选项E：脉微欲绝",E
针灸学,"题干描述：位于脐中上4寸，前正中线旁开2寸的穴位是
选项A：不容
选项B：承满
选项C：关门
选项D：梁门
选项E：天枢",D
针灸学,"题干描述：以上哪组经脉皆与肺相联系
选项A：手太阳、足少阳、手少阳经
选项B：手阳明、足太阳、足少阳经
选项C：手太阴、手阳明、足少阳经
选项D：手少阴、足厥阴、足少阴经
选项E：手太阴、足厥阴、手太阳经",D
中医儿科学,"题干描述：邪炽气营的水痘疱疹特点是
选项A：晶亮如露珠
选项B：疱疹个大且含脓液
选项C：疱浆清亮
选项D：疱浆混浊，疹色紫暗
选项E：分布稀疏",D
中药学,"题干描述：下列药物中能用于治疗失音的是
选项A：半夏
选项B：竹茹
选项C：桔梗
选项D：前胡
选项E：白芥子",C
方剂学,"题干描述：痛泻要方中配伍防风的主要用意是
选项A：升发清阳
选项B：祛风解痉
选项C：疏风散寒
选项D：疏风宽肠
选项E：散肝舒脾",E
中医内科,"题干描述：眩晕的治疗原则是
选项A：补虚泻实，调整阴阳
选项B：滋养肝肾，补气行血
选项C：清肝泻火，降逆化痰
选项D：平肝潜阳，养心安神
选项E：以上均不是",A
针灸学,"题干描述：耳穴“耳尖”的主治病证是
选项A：发热、高血压、急性结膜炎
选项B：呃逆、荨麻疹、皮肤瘙痒症
选项C：胃肠痉挛、心绞痛、胆绞痛
选项D：腹泻、痛经、失眠
选项E：盆腔炎、附件炎、痛经",A
针灸学,"题干描述：某男，70岁，大便艰涩，排出困难，腹中冷痛，面色(白光)白，四肢不温，畏寒喜暖，小便清长，舌淡苔白，脉沉迟。治疗本病，除主穴外，还应加用
选项A：合谷、内庭
选项B：太冲、中脘
选项C：脾俞、气海
选项D：神阙、关元
选项E：足三里、三阴交",D
针灸学,"题干描述：属于手太阳小肠经的腧穴是
选项A：听会
选项B：听宫
选项C：耳门
选项D：神门
选项E：下关",B
中医儿科学,"题干描述：患儿，5岁。3个月前曾患肺炎，病愈后一直不思进食，食而不化，大便稀薄，夹有不消化食物，形体较瘦，乏力肢倦，舌质淡，苔薄白。治疗应首选
选项A：肥儿丸
选项B：枳术丸
选项C：异功散
选项D：保和丸
选项E：四君子汤",C
中医诊断学,"题干描述：以下哪项不是实喘的特征
选项A：发作急骤
选项B：呼吸深长
选项C：息粗声高
选项D：呼多吸少
选项E：张口抬肩",D
中医儿科学,"题干描述：皮肤黏膜淋巴结综合征卫气同病的首选方剂为
选项A：银翘散
选项B：桑菊饮
选项C：清瘟败毒饮
选项D：沙参麦冬汤
选项E：小建中汤",A
中医儿科学,"题干描述：患儿，6岁。咳嗽喘促1天。证见喘促气急，咳嗽痰鸣，恶寒发热，鼻流清涕，咯痰黄稠，口渴，大便干，舌红，苔白，脉滑数。其治法是
选项A：温肺散寒，化痰定喘
选项B：清肺涤痰，止咳平喘
选项C：解表清里，止咳定喘
选项D：泻肺补肾，标本兼顾
选项E：健脾温肾，固摄纳气",C
中医基础理论,"题干描述：具有加强十二经脉中相为表里的两条经脉之间在体内联系作用的是
选项A：经筋
选项B：经别
选项C：别络
选项D：皮部
选项E：奇经",B
中医内科,"题干描述：精神抑郁，情绪不宁，胸胁胀满疼痛，脘腹胀满，咽中如物梗塞，苔腻。多属
选项A：气郁
选项B：血郁
选项C：痰郁
选项D：火郁
选项E：湿郁",C
中药学,"题干描述：治寒疝疼痛，睾丸偏坠疼痛，宜选用的药物是
选项A：肉桂
选项B：沉香
选项C：小茴香
选项D：丁香
选项E：木香",C
中医基础理论,"题干描述：气机升降之枢指的是
选项A：脾胃
选项B：肝胆
选项C：心肾
选项D：肝肾
选项E：肝肺",A
中医外科,"题干描述：肉瘤的西医病名是
选项A：脂肪肉瘤
选项B：骨骼肌肉瘤
选项C：脂肪瘤
选项D：钎维肉瘤
选项E：平滑肌肉瘤",C
中药学,"题干描述：确定归经学说的理论基础是
选项A：阴阳学说
选项B：脏腑经络理论
选项C：药性理论
选项D：药味理论
选项E：五行学说",B
中医基础理论,"题干描述：五行中具有“曲直“特性的是
选项A：金
选项B：水
选项C：木
选项D：火
选项E：土",C
中医内科,"题干描述：患者呕吐吞酸，嗳气频作，胸胁满痛，脉弦。此属何型呕吐
选项A：胃阴不足
选项B：热邪犯胃
选项C：肝郁化火
选项D：肝气犯胃
选项E：以上均不是",D
中医内科,"题干描述：治疗肺气虚耗所致喘证，应首选
选项A：生脉散合补肺汤
选项B：金水六君煎
选项C：六君子汤
选项D：保真汤
选项E：麦门冬汤",A
中医内科,"题干描述：虚劳证，咳嗽无力，痰液清稀，短气自汗，声音低怯，时寒时热，平素易于感冒，苔薄白，脉弱。辨证应属
选项A：肺阴虚证
选项B：肺气虚证
选项C：心气虚证
选项D：脾气虚证
选项E：肾气虚证",B
中医内科,"题干描述：患者泄泻多在黎明之前，腹部作痛，肠鸣即泻，泻后则安，形寒肢冷，腰膝酸软，舌淡苔白，脉沉细。其治法是
选项A：温肾健脾，固涩止泻
选项B：温中健脾，固涩止泻
选项C：温补脾肾，涩汤止泻
选项D：健脾补肾，化湿固涩
选项E：补肾助阳，温中固涩",A
中医儿科学,"题干描述：皮肤黏膜淋巴结综合征气阴两伤证的首选方剂为
选项A：银翘散
选项B：桑菊饮
选项C：清瘟败毒饮
选项D：沙参麦冬汤
选项E：小建中汤",D
针灸学,"题干描述：经脉循行中，不与目内眦或目外眦发生联系的是
选项A：手少阳三焦经
选项B：手太阳小肠经
选项C：手阳明大肠经
选项D：足太阳膀胱经
选项E：足少阳胆经",C
中药学,"题干描述：治疗积滞便秘常与大黄配伍的药物是
选项A：番泻叶
选项B：甘遂
选项C：芒硝
选项D：火麻仁
选项E：生地黄",C
中医儿科学,"题干描述：正常小儿开始会独坐的月龄一般是
选项A：2
选项B：4
选项C：6
选项D：8
选项E：10",C
针灸学,"题干描述：下列特定穴中，除哪项外均位于肘膝关节以下
选项A：原穴
选项B：络穴
选项C：下合穴
选项D：五输穴
选项E：八会穴",E
中药学,"题干描述：具有散寒止痛，理气和胃作用的药物是
选项A：细辛
选项B：花椒
选项C：丁香
选项D：小茴香
选项E：高良姜",D
中医儿科学,"题干描述：治疗小儿痫证脾肾两虚证的首选方是
选项A：左归丸
选项B：右归丸
选项C：大补元煎
选项D：河车八味丸
选项E：固真汤合逐寒荡惊汤",D
中医儿科学,"题干描述：幼儿期是指
选项A：从出生断脐到生后满28天
选项B：出生28天后到满1周岁
选项C：1～3岁
选项D：3～7岁
选项E：7～12岁",C
中医内科,"题干描述：下列哪一项不是脾虚湿滞证黄疸的特点
选项A：肌肤淡黄
选项B：疸色晦暗不泽
选项C：肢软乏力
选项D：大便溏薄
选项E：小便色清",E
中医基础理论,"题干描述：属于“水”的气是
选项A：风
选项B：暑
选项C：湿
选项D：燥
选项E：寒",E
中药学,"题干描述：治疗怀胎蕴热、胎动不安者，当选用的药物是
选项A：桑寄生
选项B：黄芩
选项C：苏梗
选项D：续断
选项E：砂仁",B
中药学,"题干描述：下列除哪项外均为桔梗的主治证
选项A：肺痈
选项B：咳嗽
选项C：咽痛
选项D：失音
选项E：眩晕",E
中医内科,"题干描述：患者小便不畅，咽干咳嗽，烦渴欲饮，呼吸急促，舌红，苔薄黄，脉数。治疗方剂宜首选
选项A：八正散
选项B：代抵当汤
选项C：沉香散
选项D：清肺饮
选项E：补中益气汤",D
中医内科,"题干描述：真心痛发作期治疗原则为
选项A：疏理气机，活血化瘀
选项B：辛温通阳，泄浊豁痰
选项C：镇心安神，益气养阴
选项D：急则治标，速效止痛
选项E：补气活血，温阳通脉",D
中药学,"题干描述：治疗风湿痹痛，兼有肝肾不足的最佳选药是
选项A：羌活
选项B：独活
选项C：桑寄生
选项D：威灵仙
选项E：秦艽",C
中医内科,"题干描述：下列除哪项外，均属湿热痢的主症
选项A：腹痛，里急后重
选项B：下痢赤白相兼
选项C：肛门灼热
选项D：小便短赤
选项E：苔白腻，脉濡缓",E
中医内科,"题干描述：治疗疟疾时，服药一般在
选项A：疟疾发作时
选项B：疟发前1小时
选项C：疟发前2小时
选项D：疟发后1小时
选项E：疟发后2小时",C
中医儿科学,"题干描述：治疗贫血心脾两虚证，应首选方剂是
选项A：归脾汤
选项B：六君子汤
选项C：左归丸
选项D：右归丸
选项E：四物汤",A
针灸学,"题干描述：肘横纹（平肘尖）至腕掌（背）侧横纹的骨度分寸是
选项A：6寸
选项B：8寸
选项C：9寸
选项D：12寸
选项E：13寸",D
针灸学,"题干描述：任脉循行未至以下何处
选项A：口唇
选项B：面部
选项C：咽喉
选项D：鼻
选项E：目",D
中医内科,"题干描述：痿证之脉络瘀阻证症见
选项A：病起发热，皮肤于燥，咳呛少痰
选项B：肢体困重，手足麻木，喜凉恶热
选项C：神疲肢倦，肌肉萎缩，少气懒言
选项D：腰膝酸软，眩晕耳鸣，舌咽干燥
选项E：手足麻木不仁，四肢青筋显露，舌痿不能伸缩",E
中医诊断学,"题干描述：肝火犯肺与肝火炽盛证的主要不同点在于
选项A：胸胁灼痛
选项B：头胀头晕
选项C：面红目赤
选项D：痰中带血
选项E：急躁易怒",D
中医诊断学,"题干描述：以下哪项不是寒痰阻肺证的特征
选项A：痰多
选项B：色白
选项C：咳喘
选项D：质稀
选项E：难咯",E
中医儿科学,"题干描述：抽动障碍气郁化火证的治法为
选项A：温中健脾，暖肝理脾
选项B：健脾化痰，平肝熄风
选项C：清肝泻火，熄风镇惊
选项D：滋阴潜阳，柔肝熄风
选项E：清热泻火，平肝熄风",C
针灸学,"题干描述：前额发角（头维）之间的骨度分寸是
选项A：6寸
选项B：8寸
选项C：9寸
选项D：12寸
选项E：13寸",C
中药学,"题干描述：既能祛风解表，又能胜湿，止痛，止痉的药物是
选项A：荆芥
选项B：防风
选项C：香薷
选项D：紫苏
选项E：桂枝",B
中医内科,"题干描述：治疗内伤发热气郁发热证的代表方是
选项A：丹栀逍遥散
选项B：清骨散
选项C：补中益气汤
选项D：血府逐瘀汤
选项E：归脾汤",A
针灸学,"题干描述：绝经前后诸证肾阳虚者，宜配伍
选项A：照海、阴谷
选项B：中脘、丰隆
选项C：关元、命门
选项D：心俞、神门
选项E：中脘、阴陵泉",C
中药学,"题干描述：芫花减轻其毒性宜如何炮制
选项A：蜜制
选项B：土炒
选项C：酒制
选项D：醋制
选项E：姜制",D
针灸学,"题干描述：位于腕背横纹桡侧，当拇短伸肌腱与拇长伸肌腱之间的凹陷中的穴位是
选项A：大陵
选项B：太渊
选项C：阳溪
选项D：神门
选项E：阳池",C
中医诊断学,"题干描述：以腰膝酸软，身肿尿少为特征的是
选项A：肾虚水泛证
选项B：肾阳虚证
选项C：肾阴虚讦
选项D：肾精不足证
选项E：肾气不固证",A
中药学,"题干描述：治疗多种原因所致的痉挛抽搐，多与全蝎配伍相须使用的药物是
选项A：蜈蚣
选项B：白僵蚕
选项C：钩藤
选项D：天麻
选项E：地龙",A
中药学,"题干描述：善清三焦之火的药物是
选项A：夏枯草
选项B：石膏
选项C：淡竹叶
选项D：栀子
选项E：黄芩",D
中医内科,"题干描述：虚证泄泻的特点是
选项A：大便清稀，完谷不化，腹部喜温
选项B：大便色黄褐而臭，泻下急迫，肛门灼热
选项C：泻下腹痛，痛势急迫拒按，泻后痛减
选项D：大便时溏时泻，腹痛不甚，喜温喜按
选项E：每因抑郁恼怒或情绪紧张之时，即发生腹痛泄泻",D
中医内科,"题干描述：肝气乘脾泄泻的特点是
选项A：大便清稀，完谷不化，腹部喜温
选项B：大便色黄褐而臭，泻下急迫，肛门灼热
选项C：泻下腹痛，痛势急迫拒按，泻后痛减
选项D：大便时溏时泻，腹痛不甚，喜温喜按
选项E：每因抑郁恼怒或情绪紧张之时，即发生腹痛泄泻",E
中医内科,"题干描述：患者突然跌倒，神志不清，口吐涎沫，两目上视，四肢抽搐，口中如作猪羊叫声，移时苏醒，舌苔白腻，脉弦滑。治疗应首选
选项A：定痫丸
选项B：导痰汤
选项C：二阴煎
选项D：涤痰汤
选项E：控涎丹",A
中医诊断学,"题干描述：真热假寒的面色是
选项A：满面通红
选项B：浮红如妆
选项C：面色紫暗
选项D：面呈青色
选项E：面呈黑色",C
中医儿科学,"题干描述：儿童多动症，其病在肾者，临床证候是
选项A：易于冲动，好动难静，容易发怒，常不能自控
选项B：兴趣多变，做事有头元尾，记忆力差
选项C：脑失精明，学习成绩低下，记忆力欠佳，或有遗尿、腰酸乏力
选项D：注意力不集中，情绪不稳定，多梦烦躁
选项E：神思涣散，活动过多，动作笨拙",C
中药学,"题干描述：既能化湿，又能解暑的药物是
选项A：藿香、佩兰
选项B：苍术、厚朴
选项C：砂仁、豆蔻
选项D：橘皮、青皮
选项E：茯苓、玉竹",A
中药学,"题干描述：艾叶的功效长于
选项A：凉血止血
选项B：收敛止血
选项C：化瘀止血
选项D：温经止血
选项E：补虚止血",D
中药学,"题干描述：蒲黄入汤剂，其用法是
选项A：先煎
选项B：后下
选项C：冲服
选项D：布包煎
选项E：久煎",D
针灸学,"题干描述：治疗耳聋实证，应选用以下哪组经脉为主
选项A：足少阴、手太阳经穴
选项B：足少阳、手少阳经穴
选项C：足少阴、手少阴经穴
选项D：足少阳、手少阴经穴
选项E：足少阴、手少阳经穴",B
中医内科,"题干描述：热哮病的代表方宜选用
选项A：射干麻黄汤
选项B：定喘汤
选项C：小青龙汤加石膏汤
选项D：三子养亲汤
选项E：平喘固本汤",B
针灸学,"题干描述：善于治疗遗精阳痿小便频数等肾阳不足病证的腧穴是
选项A：风府
选项B：上星
选项C：志室
选项D：命门
选项E：哑门",D
中药学,"题干描述：治疗温病伤阴，夜热早凉，青蒿最宜配伍的药物是
选项A：地骨皮
选项B：鳖甲
选项C：银柴胡
选项D：龟甲
选项E：羚羊角",B
针灸学,"题干描述：手少阳三焦经的输穴是
选项A：中渚
选项B：天井
选项C：支沟
选项D：液门
选项E：三间",A
针灸学,"题干描述：治疗寒湿型泄泻，除主穴外，应加用
选项A：内庭
选项B：中脘
选项C：神阙
选项D：太冲
选项E：脾俞",C
中医诊断学,"题干描述：以下哪项不是脉有胃气的表现
选项A：来去从容
选项B：节律一致
选项C：不疾不徐
选项D：不浮不沉
选项E：尺脉有力",E
中医诊断学,题干描述：邪热壅肺证的治法是,C
中医内科,"题干描述：阳虚型便秘，治疗首选
选项A：黄芪汤
选项B：济川煎
选项C：化肝煎
选项D：木香顺气散
选项E：六磨汤",B
中医基础理论,"题干描述：“血之余”是指
选项A：发
选项B：爪
选项C：毛
选项D：唇
选项E：面",A
中医外科,"题干描述：适宜采用硬化注射疗法的是
选项A：内痔
选项B：外痔
选项C：肛乳头肥大
选项D：肛漏
选项E：锁肛痔",A
中医外科,"题干描述：下列哪种疾病无脱垂症状
选项A：Ⅱ期内痔
选项B：肛裂
选项C：混合痔
选项D：息肉痔
选项E：脱肛",B
中医内科,"题干描述：治疗痰热郁肺咳嗽的主方是
选项A：桑菊饮
选项B：麻杏石甘汤
选项C：泻白散
选项D：清金化痰汤
选项E：清肺汤",D
中医诊断学,"题干描述：咽喉淡红不肿，微痛多为
选项A：肺胃热盛
选项B：虚火上炎
选项C：肺胃热毒
选项D：风热痰火",B
中药学,"题干描述：西洋参入汤剂宜
选项A：先煎
选项B：后下
选项C：包煎
选项D：另煎
选项E：烊化",D
中医内科,"题干描述：胁痛的基本病机为
选项A：气滞血瘀
选项B：肝郁气滞
选项C：湿热内蕴
选项D：肝络失和
选项E：以上都不是",D
中药学,"题干描述：既能够治疗血虚诸证，又能用于女子月经不调、经闭、痛经的药物是
选项A：桃仁
选项B：红花
选项C：当归
选项D：白芍
选项E：何首乌",C
中药学,"题干描述：山药的功效是
选项A：补气升阳，益卫固表
选项B：大补元气，补脾益肺
选项C：补气健脾，燥湿利水
选项D：益气养阴，补脾肺肾
选项E：补气养阴，清火生津",D
中医诊断学,"题干描述：下列各项中，属于郑声的是
选项A：神识不清，语无伦次，声高有力的症状
选项B：神识清楚，语言错乱，语后自知的症状
选项C：自言自语，喃喃不休，见人语止，首尾不续的症状
选项D：精神错乱，语无伦次，狂叫骂詈，登高而歌的症状
选项E：神识不清，语言重复，时断时续，语声低弱模糊的症状",E
中药学,"题干描述：具有发散风热升阳功效的药物是
选项A：柴胡、葛根、升麻
选项B：薄荷、蝉蜕、牛蒡子
选项C：羌活、防风、藁本
选项D：白芷、苍耳子、辛夷
选项E：桑叶、菊花、蔓荆子",A
针灸学,"题干描述：以下哪项不是中风发生的主要病因
选项A：风
选项B：火
选项C：痰
选项D：湿
选项E：瘀",D
中药学,"题干描述：下列病症除哪项外，均可用防风治疗
选项A：外感风寒，头身疼痛
选项B：风寒湿痹，肢体疼痛
选项C：风疹瘙痒
选项D：湿热痹证，痉厥抽搐
选项E：破伤风症，角弓反张",D
中药学,"题干描述：阴虚火旺、肺肾阴虚所致盗汗、骨蒸潮热、心烦等证，宜选用的药物是
选项A：天花粉、沙参
选项B：生石膏、黄柏
选项C：黄柏、知母
选项D：黄芩、地骨皮
选项E：牡丹皮、桑白皮",C
中医内科,"题干描述：痴呆的基本病机为
选项A：心气虚衰，心血不足
选项B：以虚为本，虚实夹杂
选项C：气机不畅，血行瘀滞
选项D：肾精亏损，痰蒙清窍
选项E：髓减脑消，神机失用",E
中医儿科学,"题干描述：患儿，5岁。诊断为传染性单核细胞增多症。症见发热，咳嗽，少汗，咽红肿痛，口微干，舌边尖红，苔薄白，脉浮数。治疗应首选的方剂是
选项A：桑菊饮
选项B：银翘散
选项C：新加香薷饮
选项D：藿朴夏苓汤
选项E：清瘟败毒饮",B
中医儿科学,"题干描述：下列病机中，不属于胎黄病机的是
选项A：脾胃湿热
选项B：寒湿内蕴
选项C：肺失通调
选项D：肝失疏泄
选项E：气滞血瘀",C
中药学,"题干描述：川芎不宜治疗的头痛是
选项A：风寒头痛
选项B：瘀血头痛
选项C：风湿头痛
选项D：血虚头痛
选项E：肝阳头痛",E
中医外科,"题干描述：患者头面部皮肤突然发红成片色如涂丹的急性感染性疾病称
选项A：内发丹毒
选项B：赤游风
选项C：流火
选项D：抱头火丹
选项E：类丹毒",D
中药学,"题干描述：吴茱萸尤善于治疗的病证是
选项A：寒疝腹痛
选项B：寒凝冷痛
选项C：风湿痹痛
选项D：脘腹冷痛
选项E：虫积腹痛",B
针灸学,"题干描述：合穴多位于
选项A：指、趾末端
选项B：肘膝关节附近
选项C：掌指、跖趾关节附近
选项D：掌指、跖趾关节之前
选项E：掌指、跖趾关节之后",B
中医儿科学,"题干描述：培元补肾法常用于治疗
选项A：五迟五软
选项B：肺炎喘嗽
选项C：幼儿急疹
选项D：手足口病
选项E：脐血脐突",A
中医外科,"题干描述：热疮阴虚内热证方选
选项A：辛夷清肺饮
选项B：龙胆泻肝汤
选项C：增液汤
选项D：八珍汤
选项E：四妙勇安汤",C
中医内科,"题干描述：治疗痰饮的主要原则是
选项A：清热
选项B：化痰
选项C：利水
选项D：温化
选项E：逐饮",D
中医内科,"题干描述：治疗肺痿之肾虚血瘀证，应首选的方剂是
选项A：麻黄升麻汤
选项B：甘草干姜汤
选项C：清燥救肺汤
选项D：七味都气丸合柴胡疏肝散
选项E：麦门冬汤",D
中医内科,"题干描述：肺痿上热下寒证的治疗方剂是
选项A：清金化痰汤
选项B：麻黄升麻汤
选项C：小青龙汤
选项D：泻白散
选项E：麦门冬汤",B
中医内科,"题干描述：脘腹痞满不舒，胸膈满闷，头晕目眩，身重困倦，呕恶纳呆，口淡不渴，小便不利，舌苔白厚腻，脉沉滑。证属
选项A：痞满饮食内停证
选项B：痞满痰湿中阻证
选项C：痞满湿热阻胃证
选项D：痞满肝胃不和证
选项E：痞满胃阴不足证",B
中医儿科学,"题干描述：患儿，7岁。咳嗽喘促3小时。证见恶寒发热，咳嗽，喘促气急，喉间痰鸣，鼻塞，流清涕，咯痰黄稠，烦躁，口渴，大便干，舌红，苔白，脉浮紧。治疗首选方
选项A：麻黄汤
选项B：华盖散
选项C：麻杏石甘汤
选项D：大青龙汤
选项E：小青龙汤",D
中医儿科学,"题干描述：小儿水肿水凌心肺证的治法是
选项A：辛开苦降，辟秽解毒
选项B：益气健脾，利水消肿
选项C：平肝潜阳，泻肺逐水
选项D：温阳逐水，泻肺宁心
选项E：健脾益气，化气行水",D
中医儿科学,"题干描述：治疗风疹邪入气营证的首选方剂是
选项A：透疹凉解汤
选项B：凉营清气汤
选项C：宣毒发表汤
选项D：甘露消毒丹
选项E：银翘散",A
中医基础理论,"题干描述：“在液为泪”的脏是
选项A：肝
选项B：心
选项C：脾
选项D：肺
选项E：肾",A
中医儿科学,"题干描述：抽动障碍的病位主要在
选项A：心
选项B：肝
选项C：脾
选项D：肺
选项E：肾",B
中医儿科学,"题干描述：患儿，1岁。泄泻时轻时重，已经3月，大便清稀无臭，夹不消化食物，有时便后脱肛，形寒肢冷，精神萎靡，指纹色淡。治疗应首选
选项A：异功散合平胃散
选项B：保和丸合二陈汤
选项C：参苓白术散合理中丸
选项D：附子理中汤合四神丸
选项E：金匮肾气丸合人参乌梅汤",D
针灸学,"题干描述：督脉的主治特点是
选项A：肝、脾、肾病
选项B：回阳、固脱、强壮作用
选项C：后头、肩胛病，神志病
选项D：中风、昏迷、热病、头面病
选项E：前头、口齿、咽喉病，胃肠病",D
中医外科,"题干描述：男子乳头与乳房分属于哪条经脉
选项A：肝、肾
选项B：肝、脾
选项C：肝、胃
选项D：脾、肾
选项E：脾、胃",A
中药学,"题干描述：下列哪项不是山豆根的功效
选项A：清肺热
选项B：利咽喉
选项C：活血化瘀
选项D：消肿止痛
选项E：清热解毒",C
中药学,"题干描述：砒石内服可用于治疗
选项A：祛痰平喘
选项B：攻毒杀虫
选项C：蚀疮去腐
选项D：收湿止痒
选项E：清热解毒",A
中药学,"题干描述：菟丝子除能补肾益精外，还具有的功效是
选项A：行血脉
选项B：托疮毒
选项C：润肠燥
选项D：敛汗",D
中医诊断学,"题干描述：虚里搏动数急而时有一止者是
选项A：宗气内虚
选项B：饮停心包
选项C：心阳不足
选项D：宗气不守
选项E：心肺气绝",D
方剂学,"题干描述：左归丸和右归丸两方的组成药物中均含有
选项A：山茱萸
选项B：炮附子
选项C：炮附子
选项D：枸杞子
选项E：鹿角胶",D
中医内科,"题干描述：汗证，阴虚火旺证的最佳选方是
选项A：百合固金汤
选项B：知柏地黄丸
选项C：天王补心丹
选项D：当归六黄汤
选项E：滋水清肝饮",D
针灸学,"题干描述：崩漏的发生主要与哪些经脉有关
选项A：肝经、肾经
选项B：肝经、脾经
选项C：任脉、带脉
选项D：任脉、冲脉
选项E：任脉、督脉",D
中药学,"题干描述：蒲黄的功效是
选项A：炒炭用收敛止血，生用止血化瘀
选项B：炒炭用收敛止血，生用祛风解表
选项C：炒炭用凉血止血，生用清热杀虫
选项D：炒炭用凉血止血，生用养阴生津
选项E：炒炭用凉血止血，生用化瘀止血",A
中医外科,"题干描述：主要含神经毒的毒蛇是
选项A：银环蛇
选项B：眼镜王蛇
选项C：烙铁头蛇
选项D：尖吻蝮蛇
选项E：竹叶青蛇",A
中医基础理论,"题干描述：属于“子病犯母”的脏病传变是
选项A：心病及肝
选项B：心病及脾
选项C：心病及肺
选项D：心病及肾
选项E：肝病及肺",A
中医儿科学,"题干描述：下列表现中，属于生理性胎黄的是
选项A：生后24小时出现黄疸
选项B：足月儿在出生后2周消退
选项C：黄疸消退后复现
选项D：黄疸持续3周以上
选项E：血清总胆红素300μmol／L",B
中医儿科学,"题干描述：佝偻病的基本治疗原则是
选项A：健脾养血
选项B：益气温阳
选项C：固表止汗
选项D：平肝潜阳
选项E：调补脾肾",E
中医儿科学,"题干描述：患儿，女，6岁，时有尿频，小便清长，每晚尿床1次以上，面白少华，神疲乏力，肢冷畏寒，舌淡，苔白滑，脉沉无力。应诊断为
选项A：尿频，脾肾气虚
选项B：遗尿，肾气不足
选项C：遗尿，脾肾气虚
选项D：尿频，脾肾阳虚
选项E：遗尿，肺脾气虚",B
中药学,"题干描述：常用于治疗五更泄泻的药物是
选项A：丁香
选项B：附子
选项C：干姜
选项D：吴茱萸
选项E：小茴香",D
针灸学,"题干描述：以上哪项属于补虚泻实的治疗原则
选项A：陷下则灸之
选项B：热则疾之
选项C：寒则留之
选项D：标本同治
选项E：三因制宜",A
中医基础理论,"题干描述：营气的分布特点是
选项A：上出息道，下走气街
选项B：熏于肓膜，散于胸腹
选项C：与血同行，环周不休
选项D：行于脉外，布散全身
选项E：通过三焦，流行全身",C
中医内科,"题干描述：治疗肝火犯肺型咳嗽的代表方剂是
选项A：二陈汤合三子养亲汤
选项B：清金化痰汤
选项C：桑杏汤
选项D：黛蛤散合加减泻白散
选项E：三拗汤合止嗽散",D
中医儿科学,"题干描述：乳蛾肺胃阴虚证应首选的方剂是
选项A：银翘马勃散
选项B：牛蒡甘桔汤
选项C：养阴清肺汤
选项D：普济消毒饮
选项E：荆防败毒散",C
中医诊断学,"题干描述：脾肾亏虚多见
选项A：横目斜视
选项B：昏睡露睛
选项C：瞳孔散大
选项D：瞳孔缩小
选项E：双睑下垂",E
中药学,"题干描述：善于治疗肝阳上亢兼小便不利的药物是
选项A：天麻
选项B：羚羊角
选项C：代赭石
选项D：罗布麻
选项E：牡蛎",D
中医儿科学,"题干描述：患儿，2岁。发热咳嗽3天。证见发热，无汗，呛咳不爽，呼吸气急，痰声重浊，咽不红，舌淡红，苔薄白，指纹浮红。其证候是
选项A：风寒郁肺
选项B：风热闭肺
选项C：痰热闭肺
选项D：肺脾气虚
选项E：阴虚肺热",A
中医内科,"题干描述：治疗水肿水湿浸渍证的首选方是
选项A：五皮饮合胃苓汤
选项B：麻黄连翘赤小豆汤合五味消毒饮
选项C：越婢加术汤
选项D：疏凿饮子
选项E：实脾饮",A
中医基础理论,"题干描述：导致湿浊内生的病因是
选项A：脾失健运
选项B：膀胱失司
选项C：肺失宣降
选项D：三焦气化失司
选项E：肾的气化功能减退",A
中医外科,"题干描述：毛细血管瘤最显著的特点是
选项A：边界不清
选项B：瘤体巨大
选项C：质地坚硬
选项D：压缩性大
选项E：皮色鲜红",E
针灸学,"题干描述：以下哪项不是神门穴的主治病证
选项A：心痛、惊悸
选项B：健忘、失眠
选项C：高血压
选项D：胸胁痛
选项E：呕血、衄血",E
中医基础理论,"题干描述：用寒远寒，用热远热属于
选项A：扶正祛邪
选项B：因地制宜
选项C：因人制宜
选项D：因时制宜
选项E：未病先防",D
中医内科,"题干描述：消渴病，口渴引饮，能食与便溏并见，精神不振，四肢乏力，舌质淡，苔白而干，脉弱。宜选上述何方加减治疗
选项A：消渴方
选项B：玉女煎
选项C：七味白术散
选项D：六味地黄丸
选项E：金匮肾气丸",C
中医儿科学,"题干描述：在风疹易感儿群集的地方，须适当隔离，可隔离至出疹后
选项A：3天
选项B：5天
选项C：7天
选项D：9天
选项E：14天",B
中医儿科学,"题干描述：男孩，10岁。身体消瘦，上课注意力不能集中，多动而不暴躁，言语冒失，做事有头无尾，睡眠不实，记忆力差，伴自汗盗汗，偏食纳少，面色无华，舌质淡，苔薄白，脉虚弱。治疗应首选方剂是
选项A：八珍汤
选项B：二陈汤合黄连温胆汤
选项C：杞菊地黄丸
选项D：孔圣枕中丹
选项E：归脾汤合甘麦大枣汤",E
中医基础理论,"题干描述：六腑共同的生理特点是
选项A：运化和调节血量
选项B：疏泄和防止出血
选项C：化生和贮藏精气
选项D：受盛和传化水谷
选项E：藏神和血液运行",D
中医基础理论,"题干描述：脾的华为
选项A：爪
选项B：面
选项C：唇
选项D：毛
选项E：发",C
中医基础理论,"题干描述：临床常见的心火引动肝火之心肝火旺证，属于
选项A：相乘传变
选项B：母病及子
选项C：相侮传变
选项D：子病犯母
选项E：反克传变",D
方剂学,"题干描述：酸枣仁汤主治证候的病因病机是
选项A：心脾两虚，气血不足
选项B：心阳偏亢，心肾不交
选项C：心肾两亏，阴虚血少
选项D：肝血不足，虚热内扰
选项E：心阴不足，肝气失和",D
方剂学,"题干描述：大秦艽汤所主证候病因病机是
选项A：风中经络，气血痹阻
选项B：湿痰瘀血，痹阻经络
选项C：风痰阻络，筋肉失养
选项D：肝阳偏亢，化风上扰
选项E：热灼真阴，筋脉失濡",A
针灸学,"题干描述：治疗腰部冷痛重着，拘挛不可俯仰，舌淡，苔白，脉紧，除阿是穴、大肠俞、委中外，应选取
选项A：膈俞
选项B：腰阳关
选项C：足三里
选项D：志室
选项E：悬钟",B
中医诊断学,"题干描述：手足冷痛，肤色紫暗属于
选项A：血虚证
选项B：血脱证
选项C：血热证
选项D：血寒证
选项E：血瘀证",D
中医内科,"题干描述：疫毒痢的治法是
选项A：清热和中化湿
选项B：清热除湿调气
选项C：清热解毒，凉血除积
选项D：清热化湿和中
选项E：温中燥湿调气",C
中医内科,"题干描述：关于痢疾基本病机的叙述中，错误的是
选项A：血络受伤
选项B：腐败化为脓血
选项C：邪滞于肠
选项D：气血壅滞
选项E：肠道传化失司",A
中医儿科学,"题干描述：疳证的主要症状有不思乳食，伴见
选项A：面色少华，精神尚好
选项B：脘腹胀满，舌苔厚腻
选项C：形体消瘦，精神萎靡
选项D：腹痛拒按，嗳气泛酸
选项E：神疲肢倦，大便不调",C
中医内科,"题干描述：风痰闭阻之痫证的治法是
选项A：涤痰息风，开窍定痫
选项B：清肝泻火，化痰开窍
选项C：涤痰开窍，化瘀通络
选项D：息风开窍，化痰定志
选项E：化痰通络，镇心安神",A
中医内科,"题干描述：患者，女性，48岁，有消渴病10年。现症：小便短少，呕恶频作，头晕头痛，腰膝酸软，手足抽搐，舌红，苔黄腻，脉弦细。此病证的诊断是
选项A：关格肾阳衰微、邪陷心包证
选项B：关格肝肾阴虚、肝风内动证
选项C：关格脾肾阳虚、湿浊内蕴证
选项D：癃闭膀胱湿热证
选项E：消渴肾阴亏虚证",B
中医内科,"题干描述：肺痿的特征性症状是
选项A：咳大量脓血痰
选项B：胸胁饱满，咳唾引痛
选项C：咳吐浊唾涎沫、气短
选项D：胸部膨满，憋闷如塞
选项E：咳嗽、咳血、潮热、盗汗",C
中医内科,"题干描述：肺痈成痈期应选
选项A：千金苇茎汤合如金解毒散
选项B：银翘散
选项C：葶苈大枣泻肺汤
选项D：沙参麦冬汤或桔梗杏仁煎
选项E：加味桔梗汤",A
方剂学,"题干描述：下列各项中，不属于苏子降气汤组成药物的是
选项A：前胡
甘草
选项B：生姜
苏叶
选项C：杏仁
白前
选项D：半夏
厚朴
选项E：当归
肉桂",C
中医诊断学,"题干描述：轻取不应，重按始得，举之不足，按之有余为
选项A：浮脉
选项B：沉脉
选项C：迟脉
选项D：虚脉
选项E：弱脉",B
针灸学,"题干描述：有关阿是穴，叙述不正确的是
选项A：无固定位置
选项B：无固定名称
选项C：又称为压痛点
选项D：又称为天应穴
选项E：多数对某些病证有特殊疗效",E
中药学,"题干描述：既能固精止带，又能收敛止血的药物是
选项A：金樱子
选项B：覆盆子
选项C：桑螵蛸
选项D：鸡内金
选项E：海螵蛸",E
针灸学,"题干描述：以下哪项不是三阴交穴的主治病证
选项A：脾胃虚弱证
选项B：妇产科病证
选项C：生殖泌尿系统病证
选项D：心悸、失眠
选项E：阳虚诸证",E
中医内科,"题干描述：茵陈术附汤适用于
选项A：黄疸热重于湿证
选项B：黄疸湿重于热证
选项C：黄疸胆腑郁热证
选项D：黄疸疫毒炽盛证
选项E：黄疸寒湿阻遏证",E
针灸学,"题干描述：除近治作用、远治作用外，腧穴的主治特点还包括
选项A：调和作用
选项B：特殊作用
选项C：平衡作用
选项D：疏通作用
选项E：扶正作用",B
中医儿科学,"题干描述：哪些脏腑的功能不足导致立迟、行迟、齿迟、头项软、手软、足软
选项A：心肝肾
选项B：肝脾肾
选项C：心脾肾
选项D：肝脾
选项E：心肝脾",B
中医基础理论,"题干描述：心在液为
选项A：泪
选项B：汗
选项C：涎
选项D：涕
选项E：唾",B
中药学,"题干描述：石斛的功效是
选项A：既能养胃生津，又能滋阴清热
选项B：既能补血益阴，又能滋阴润肺
选项C：既能补气养阴，又能健脾润肺
选项D：既能生津养胃，又能滋阴润肺
选项E：既能柔肝止痛，又能滋阴润肺",A
针灸学,"题干描述：胃经循行未至的部位是
选项A：膈
选项B：下齿
选项C：口
选项D：目
选项E：鼻",B
中医基础理论,"题干描述：痰饮痹阻心脉，可见
选项A：恶心呕吐
选项B：胸闷气喘
选项C：肢体麻木
选项D：胸闷心痛
选项E：胸胁胀满",D
中医内科,"题干描述：虚劳的预后，与哪些脏腑的关系最密切
选项A：肺、脾
选项B：脾、胃
选项C：肝、肾
选项D：脾、肾
选项E：心、肾",D
中医诊断学,"题干描述：麻疹麻毒外透属于
选项A：证候相兼
选项B：虚实真假
选项C：寒热真假
选项D：证候错杂
选项E：证候转化",E
针灸学,"题干描述：强壮保健要穴是
选项A：足三里
选项B：上巨虚
选项C：下巨虚
选项D：条口
选项E：丰隆",A
中药学,"题干描述：半夏与陈皮合用可以增强燥湿化痰的作用，属于哪种配伍关系
选项A：相畏
选项B：相杀
选项C：相须
选项D：相使
选项E：相恶",C
中药学,"题干描述：具有清肺止咳功效的利水渗湿药物是
选项A：海金沙
选项B：石韦
选项C：冬葵子
选项D：灯心草
选项E：赤小豆",B
方剂学,"题干描述：大黄牡丹汤的组成中含有药物是
选项A：大黄
选项B：桃仁
选项C：大黄
选项D：赤芍
选项E：大黄",B
中医内科,"题干描述：肺胀宜用真武汤合五苓散治疗的证候是
选项A：阳虚水泛证
选项B：痰蒙神窍证
选项C：痰浊壅肺证
选项D：肺肾气虚证
选项E：外寒内饮证",A
中医诊断学,"题干描述：风热袭表所致表热证的脉象是
选项A：浮紧
选项B：浮数
选项C：浮缓
选项D：滑数
选项E：洪数",B
方剂学,"题干描述：补中益气汤功用是
选项A：益气补血，健脾温阳
选项B：健脾益气，养胃和中
选项C：健脾养胃，渗湿和中
选项D：补中健脾，升阳举陷
选项E：补中健脾，渗湿止泻",D
中医内科,"题干描述：患者心胸疼痛剧烈，如刺如绞，痛有定处，伴有胸闷，日久不愈，可因暴怒而加重，舌质紫暗，脉弦涩。证属
选项A：痰浊痹阻
选项B：寒凝心脉
选项C：气滞心胸
选项D：心血瘀阻
选项E：心阳不振",D
中医儿科学,"题干描述：治疗风寒束肺哮喘的首选方是
选项A：三拗汤
选项B：都气丸
选项C：大青龙汤
选项D：麻杏石甘汤合苏葶丸
选项E：小青龙汤合三子养亲汤",E
中医诊断学,"题干描述：视物昏暗不明，模糊不清者为
选项A：目痒
选项B：目昏
选项C：目眩
选项D：雀目
选项E：以上都不是",B
中医诊断学,"题干描述：以恶风汗出脉浮缓为主要表现的病证是
选项A：太阳中风证
选项B：太阳伤寒证
选项C：阳明病实证
选项D：少阴病寒化证
选项E：厥阴病寒证",A
中医基础理论,"题干描述：偏食辛温燥热，则可导致
选项A：肝经湿热
选项B：心肝火旺
选项C：肠胃积热
选项D：肺胃热盛
选项E：肺胃津伤",C
中医诊断学,"题干描述：以下哪一项不是热证的表现
选项A：面赤
选项B：小便短赤
选项C：大便秘结
选项D：口淡不渴
选项E：咯痰黄稠",D
中医儿科学,"题干描述：预防脐风最重要的措施是
选项A：孕妇勿感风邪
选项B：产妇勿感风邪
选项C：小儿生后避风
选项D：清洁断脐护脐
选项E：脐疮防其走黄",D
针灸学,"题干描述：被称为“阴脉之海”的是
选项A：任脉
选项B：冲脉
选项C：带脉
选项D：阴脉
选项E：阴维脉",A
中医诊断学,"题干描述：下列哪项不是邪盛失神的临床表现
选项A：神昏谵语
选项B：喉中痰鸣
选项C：两手握固
选项D：呼吸气微
选项E：牙关紧闭",D
中医外科,"题干描述：慢性前列腺炎的临床特征是
选项A：尿道口常有白色分泌物溢出
选项B：排尿困难、尿潴留
选项C：射精时精液呈淡红色或棕色
选项D：阴茎背侧触及硬结或索状斑块
选项E：以上都不是",A
中医儿科学,"题干描述：治疗胎怯肾精薄弱证首选方是
选项A：保元汤
选项B：归脾汤
选项C：金匮肾气丸
选项D：补肾地黄丸
选项E：六味地黄丸",D
中医外科,"题干描述：某患者，一侧乳房广泛紧韧肿硬，皮色紫红，皮肤呈橘皮样变，全身炎症反应不明显，应首先考虑为
选项A：乳岩
选项B：乳痨
选项C：乳痈
选项D：乳发
选项E：以上都不是",A
中药学,"题干描述：阿胶的主治病证是
选项A：既能治疗血虚证，又能治疗出血证
选项B：既能治疗血虚证，又能治疗遗精盗汗证
选项C：既能治疗血虚证，又能治疗胁肋脘腹疼痛
选项D：既能治疗血虚证，又能治疗痈疽疮疡证
选项E：既能治疗血虚证，又能治疗虚劳喘咳证",A
中医内科,"题干描述：患者，男，27岁。有与肺痨病人接触史。干咳少痰，咳声短促，痰中带血，五心烦热，时有盗汗，形体消瘦，胸部闷痛隐隐，舌红少苔，脉细数。其诊断是
选项A：内伤咳嗽，肺阴亏耗
选项B：肺痨，肺阴亏损
选项C：哮证，肺虚
选项D：喘证，肺虚
选项E：虚劳，肺阴虚",B
中药学,"题干描述：杜仲与续断的共同功效是
选项A：补肝肾
选项B：安心神
选项C：补肾阴
选项D：行血脉
选项E：祛风湿",A
中医内科,"题干描述：半夏白术天麻汤主要用于
选项A：痰浊头痛
选项B：血虚头痛
选项C：肝阳头痛
选项D：肾虚头痛
选项E：瘀血头痛",A
方剂学,"题干描述：小承气汤的功用是
选项A：缓下热结
选项B：峻下热结
选项C：泻热逐水
选项D：轻下热结
选项E：润肠通便",D
中医外科,"题干描述：可采用砭镰法治疗的疾病是
选项A：附骨疽
选项B：托盘疗
选项C：蝼蛄疖
选项D：红丝疔
选项E：以上都不是",D
针灸学,"题干描述：下列哪项不属于同名经配穴
选项A：耳鸣取中渚、足临泣
选项B：头痛取外关、阳陵泉
选项C：失眠取神门、三阴交
选项D：牙痛取合谷、内庭
选项E：便秘取天枢、合谷",C
中药学,"题干描述：具有温中回阳作用的药物是
选项A：生姜
选项B：干姜
选项C：炮姜
选项D：生姜皮
选项E：高良姜",B
中医儿科学,"题干描述：有关汗证的描述哪项不对
选项A：汗证多属虚证
选项B：自汗以气虚、阳虚为主
选项C：盗汗以阴虚、血虚为主
选项D：小儿汗证多为虚实夹杂证
选项E：实证多为湿热迫蒸",D
中医诊断学,"题干描述：常脉中有神的表现是
选项A：不大不小
选项B：软滑从容
选项C：不浮不沉
选项D：柔和有力
选项E：尺脉沉取有力",D
中医儿科学,"题干描述：小儿遗尿心肾失交证的治法为
选项A：清心安神，滋阴固脬
选项B：清心滋肾，安神固脬
选项C：清泻心火，固涩小便
选项D：泻心安神，固涩膀胱
选项E：清心泻火，滋肾缩尿",B
中药学,"题干描述：具有润肠通便作用的药物是
选项A：大黄
选项B：芒硝
选项C：番泻叶
选项D：甘遂
选项E：火麻仁",E
中医诊断学,"题干描述：舌苔苔质粗大疏松而厚，揩之易去为
选项A：滑苔
选项B：糙苔
选项C：腻苔
选项D：腐苔
选项E：无根苔",D
中药学,"题干描述：下列哪味药与大黄、芒硝同用，可使其泻而不速
选项A：枳实
选项B：厚朴
选项C：大枣
选项D：山药
选项E：甘草",E
中医儿科学,"题干描述：患儿，5岁。证见发热烦躁，咳嗽喘促，气急鼻煽，呼吸困难，喉间痰鸣，面赤口渴，大便干燥，小便黄少，舌红，苔黄，脉滑数。其证候是
选项A：风寒闭肺
选项B：风热闭肺
选项C：痰热闭肺
选项D：毒热闭肺
选项E：阴虚肺热",C
方剂学,"题干描述：理中丸的组成药物中不含有
选项A：人参
选项B：干姜
选项C：甘草
选项D：白术
选项E：附子",E
针灸学,"题干描述：属于奇经的是
选项A：手少阳三焦经
选项B：十二经筋
选项C：十二皮部
选项D：十五络脉
选项E：阴维脉",E
中医外科,"题干描述：痈的肿势范围是
选项A：3cm左右
选项B：3～6cm左右
选项C：6～9cm左右
选项D：大于9cm
选项E：以上都不是",C
中医儿科学,"题干描述：上述疾病，耳后及枕骨下有淋巴结肿大的是
选项A：麻疹
选项B：风疹
选项C：猩红热
选项D：手足口病
选项E：水痘",B
中医儿科学,"题干描述：不属于小儿正常断奶季节是
选项A：春季
选项B：酷暑
选项C：初秋
选项D：深秋
选项E：初冬",B
